WKT,scalerank,featurecla,labelrank,sovereignt,sov_a3,adm0_dif,level,type,admin,adm0_a3,geou_dif,geounit,gu_a3,su_dif,subunit,su_a3,brk_diff,name,name_long,brk_a3,brk_name,brk_group,abbrev,postal,formal_en,formal_fr,note_adm0,note_brk,name_sort,name_alt,mapcolor7,mapcolor8,mapcolor9,mapcolor13,pop_est,gdp_md_est,pop_year,lastcensus,gdp_year,economy,income_grp,wikipedia,fips_10,iso_a2,iso_a3,iso_n3,un_a3,wb_a2,wb_a3,woe_id,adm0_a3_is,adm0_a3_us,adm0_a3_un,adm0_a3_wb,continent,region_un,subregion,region_wb,name_len,long_len,abbrev_len,tiny,homepart,filename
"MULTIPOLYGON (((16.326528354567 -5.87747039146622,16.5731799658961 -6.62264454511509,16.8601908708452 -7.22229786542998,17.0899959652472 -7.54568897871248,17.4729700049623 -8.06855112064166,18.1342216325691 -7.98767750410487,18.4641756527527 -7.84701425540648,19.0167517432497 -7.98824594486014,19.1666133968961 -7.73818368899973,19.4175024756732 -7.15542856204428,20.0377230160402 -7.11636117923166,20.0916215349206 -6.94309010175695,20.6018229509383 -6.93931772219969,20.5147481625265 -7.29960580813866,21.7281107927398 -7.29087249108132,21.7464559262034 -7.92008473066711,21.949130893652 -8.30590097415831,21.801801385188 -8.90870655684299,21.8751819190424 -9.52370777754857,22.2087532894864 -9.89479623783653,22.1552681820643 -11.0848011206538,22.4027982927424 -10.9930754533357,22.8373454118848 -11.0176217586743,23.4567908057675 -10.8678634578925,23.9122152035557 -10.9268262671375,24.0178935075926 -11.2372982723471,23.9041536801182 -11.7222815894063,24.0799052263429 -12.1912968888873,23.9309220720454 -12.5658476701388,24.0161365088947 -12.9110462378486,21.9338863461259 -12.8984371883694,21.8878426449539 -16.0803101538769,22.5624784685243 -16.8984514299218,23.2150484555061 -17.523116143466,21.3771761410456 -17.9306364885197,18.9561869646036 -17.7890947404722,18.2633093604342 -17.309950860262,14.2097066585951 -17.3531006812257,14.058501417709 -17.4233806291427,13.46236209479 -16.9712118465887,12.8140812516884 -16.9413428687241,12.2154614600194 -17.1116683895581,11.7341988460851 -17.3018893368245,11.6400960628816 -16.6731421851292,11.7785372249916 -15.7938160132507,12.1235807634044 -14.8783163387679,12.1756189307223 -14.4491435685839,12.500095249083 -13.5476998836844,12.7384786312454 -13.1379057756099,13.3129138526018 -12.4836304663625,13.6337211442698 -12.0386447078972,13.7387276546869 -11.2978630509931,13.6863794287753 -10.7310759416158,13.3873279151022 -10.3735783830207,13.1209875830699 -9.76689706791412,12.8753695003866 -9.16693368900549,12.9290613135378 -8.95909107832757,13.2364327328099 -8.56262948978434,12.9330403988243 -7.59653858808775,12.7282983740839 -6.92712208417881,12.2273470394464 -6.29444752362937,12.3224316748636 -6.10009246177965,12.7351713395787 -5.96568206138848,13.024869419007 -5.98438892987811,13.3755973649719 -5.86424122479956,16.326528354567 -5.87747039146622)),((12.4366882666609 -5.68430388755922,12.1823368669203 -5.7899305151638,11.9149630062421 -5.03798674888473,12.3186076188739 -4.60623015708616,12.6207597184845 -4.43802336997612,12.9955172054652 -4.78110320396192,12.6316117692658 -4.99127125409294,12.4680041846298 -5.24836150474499,12.4366882666609 -5.68430388755922)))","1",Admin-0 country,"3",Angola,AGO,"0","2",Sovereign country,Angola,AGO,"0",Angola,AGO,"0",Angola,AGO,"0",Angola,Angola,AGO,Angola,,Ang.,AO,People's Republic of Angola,,,,Angola,,"3","2","6","1","12799293",110300,"-99","1970","-99",7. Least developed region,3. Upper middle income,"-99",,AO,AGO,"024","024",AO,AGO,"-99",AGO,AGO,"-99","-99",Africa,Africa,Middle Africa,Sub-Saharan Africa,"6","6","4","-99","1",AGO.geojson
"MULTIPOLYGON (((2.69170169435625 6.25881724692863,1.86524051271232 6.14215770102973,1.61895063640924 6.83203807212624,1.66447757325838 9.12859039960938,1.46304284018467 9.33462433515709,1.42506066245014 9.825395412633,1.07779503744874 10.175606594275,0.772335646171484 10.4708082137424,0.899563022474069 10.9973393823643,1.24346967937649 11.1105107690835,1.44717817547107 11.5477192244889,1.93598554851988 11.6411502140726,2.15447350424992 11.9401500513133,2.49016360841793 12.2330520695437,2.84864301922667 12.2356358911583,3.61118045412556 11.660167141156,3.57221642417747 11.3279393579515,3.79711225751171 10.7347455916731,3.6000700211828 10.3321861841194,3.70543826662592 10.0632103540402,3.2203515967021 9.4441525333997,2.91230838381026 9.13760793704432,2.72379275880951 8.50684540448971,2.74906253420022 7.87073436119289,2.69170169435625 6.25881724692863)))","1",Admin-0 country,"5",Benin,BEN,"0","2",Sovereign country,Benin,BEN,"0",Benin,BEN,"0",Benin,BEN,"0",Benin,Benin,BEN,Benin,,Benin,BJ,Republic of Benin,,,,Benin,,"1","2","2","12","8791832",12830,"-99","2002","-99",7. Least developed region,5. Low income,"-99",,BJ,BEN,"204","204",BJ,BEN,"-99",BEN,BEN,"-99","-99",Africa,Africa,Western Africa,Sub-Saharan Africa,"5","5","5","-99","1",BEN.geojson
"MULTIPOLYGON (((29.3399975929003 -4.49998341229409,29.2763839047491 -3.29390715903406,29.0249263852168 -2.83925790773016,29.6321761410786 -2.9178577612461,29.9383590024079 -2.34848683025424,30.469696079233 -2.41385751710346,30.5276770362645 -2.80763193116753,30.7430127296247 -3.03428476319969,30.752262811005 -3.35932952231557,30.5055595232436 -3.56856739666536,30.1163326352212 -4.09013762778724,29.7535124040999 -4.45238941815328,29.3399975929003 -4.49998341229409)))","1",Admin-0 country,"6",Burundi,BDI,"0","2",Sovereign country,Burundi,BDI,"0",Burundi,BDI,"0",Burundi,BDI,"0",Burundi,Burundi,BDI,Burundi,,Bur.,BI,Republic of Burundi,,,,Burundi,,"2","2","5","8","8988091",3102,"-99","2008","-99",7. Least developed region,5. Low income,"-99",,BI,BDI,"108","108",BI,BDI,"-99",BDI,BDI,"-99","-99",Africa,Africa,Eastern Africa,Sub-Saharan Africa,"7","7","4","-99","1",BDI.geojson
"MULTIPOLYGON (((13.0758223812468 2.26709707275901,12.9513338558556 2.32161570882694,12.3593803239522 2.19281220133945,11.7516654801998 2.32675751383999,11.2764490088437 2.26105093018087,9.64915815597263 2.28386607503774,9.79519575362946 3.07340444580912,9.404366896206 3.7345268823352,8.94811567550107 3.90412893311714,8.74492394372942 4.35221527751996,8.48881554529089 4.49561737712992,8.5002877132597 4.77198293702685,8.75753299320863 5.47966583904791,9.23316287602304 6.44449066815333,9.5227059261544 6.45348236737212,10.1182768083183 7.03876963950988,10.4973751156114 7.05535777427556,11.0587878760303 6.64442678469059,11.7457743669185 6.98138296144975,11.8393087093668 7.39704234458944,12.0639461605396 7.7998084578723,12.2188721045506 8.30582408287432,12.7536715023392 8.717762762889,12.955467970439 9.4177717147147,13.1675997249971 9.64062632897341,13.3086763851539 10.1603620467489,13.5729496598946 10.7985659855536,14.4153788591167 11.5723688826921,14.468192172919 11.9047516951934,14.5771777686225 12.0853608260535,14.1813362972668 12.4836569279431,14.2135307145846 12.8020354272933,14.4957873877628 12.8593962671373,14.8933858578165 12.2190477563926,14.9601518083376 11.5555740421972,14.923564894275 10.8913251815175,15.4678727556053 9.98233673750343,14.9093538753947 9.99212942142273,14.6272005550811 9.92091929772454,14.171466098699 10.0213782820999,13.954218377344 9.54949494062669,14.5444665869818 8.96586131432227,14.9799955583377 8.79610423424347,15.1208655127653 8.38215017336942,15.4360917497458 7.69281240481197,15.2794604834691 7.42192454673797,14.7765454444046 6.40849803306205,14.5365600928411 6.22695872642069,14.4594071794293 5.4517605656103,14.5589359880235 5.03059764243153,14.4783724300805 4.73260549562045,14.9509534033897 4.21038930909492,15.0362195166713 3.85136729574712,15.4053959489644 3.33530060466434,15.8627323747475 3.01353729899898,15.9073808122477 2.55738943115861,16.0128524105554 2.26763967529808,15.9409188168051 1.7276726342803,15.1463419938852 1.96401479736718,14.3378125342466 2.22787466064949,13.0758223812468 2.26709707275901)))","1",Admin-0 country,"3",Cameroon,CMR,"0","2",Sovereign country,Cameroon,CMR,"0",Cameroon,CMR,"0",Cameroon,CMR,"0",Cameroon,Cameroon,CMR,Cameroon,,Cam.,CM,Republic of Cameroon,,,,Cameroon,,"1","4","1","3","18879301",42750,"-99","2005","-99",6. Developing region,4. Lower middle income,"-99",,CM,CMR,"120","120",CM,CMR,"-99",CMR,CMR,"-99","-99",Africa,Africa,Middle Africa,Sub-Saharan Africa,"8","8","4","-99","1",CMR.geojson
"MULTIPOLYGON (((-2.8561250472024 4.99447581625951,-3.31108435710007 4.98429555909802,-4.00881954590494 5.17981334067431,-4.64991736491791 5.16826365805709,-5.83449622234453 4.99370066977514,-6.52876909018585 4.70508779542502,-7.51894120933044 4.33828847901731,-7.71215938966975 4.36456594483772,-7.63536821128403 5.18815908448946,-7.53971513511176 5.31334524171652,-7.57015255373169 5.7073521997259,-7.99369259279588 6.12618968345154,-8.31134762209402 6.19303314862108,-8.60288021486862 6.46756419517166,-8.38545162600057 6.91180064536874,-8.48544552248535 7.39520783124307,-8.4392984684487 7.68604279218174,-8.28070349774494 7.68717967369216,-8.2217923649322 8.12332876223557,-8.29904863120856 8.3164435897103,-8.20349890790088 8.45545319257545,-7.83210038901919 8.57570425051863,-8.07911373537435 9.37622386315203,-8.30961646161225 9.78953196862244,-8.22933712404682 10.1290202905639,-8.02994361004862 10.2065349390017,-7.89958980959237 10.2973821069708,-7.62275916180481 10.1472362329468,-6.85050655763506 10.1389938419962,-6.66646094402755 10.4308106551484,-6.49396501303727 10.4113028019583,-6.20522294760643 10.5240607772191,-6.05045203289227 10.0963607853554,-5.81692623536529 10.2225546330122,-5.40434159994697 10.3707368026091,-4.9546532861431 10.1527139347697,-4.77988359213197 9.82198476810174,-4.33024695476038 9.61083486575714,-3.98044918457669 9.8623440617217,-3.51189897298627 9.90032623945622,-2.82749630371271 9.64246084231978,-2.56218950032624 8.21962779381148,-2.98358496745033 7.37970490155551,-3.24437008301126 6.2504715031135,-2.81070146321784 5.38905121502411,-2.8561250472024 4.99447581625951)))","1",Admin-0 country,"3",Ivory Coast,CIV,"0","2",Sovereign country,Ivory Coast,CIV,"0",Ivory Coast,CIV,"0",Ivory Coast,CIV,"0",C么te d'Ivoire,C么te d'Ivoire,CIV,C么te d'Ivoire,,I.C.,CI,Republic of Ivory Coast,Republic of Cote D'Ivoire,,,C么te d'Ivoire,,"4","6","3","3","20617068",33850,"-99","1998","-99",6. Developing region,4. Lower middle income,"-99",,CI,CIV,"384","384",CI,CIV,"-99",CIV,CIV,"-99","-99",Africa,Africa,Western Africa,Sub-Saharan Africa,"13","13","4","-99","1",CIV.geojson
"MULTIPOLYGON (((25.6491634457502 -18.536025892819,25.8503914730947 -18.7144129370905,26.1647908871585 -19.2930856258949,27.2965047543505 -20.391519870691,27.7247473487533 -20.4990585262904,27.7272278175033 -20.8518018531147,28.0213700701086 -21.4859750302006,28.7946562029242 -21.6394540341075,29.432188348109 -22.0913127580676,28.0172359555253 -22.8277535946591,27.1194096208862 -23.5743230119798,26.7864066911974 -24.2406906063835,26.4857532081233 -24.6163265927131,25.9416520525222 -24.6963733863332,25.7658488298652 -25.1748454729237,25.6646663754377 -25.4868160946697,25.0251705258258 -25.7196700985769,24.2112667172288 -25.6702157528736,23.7335697771227 -25.3901294898516,23.3120967953502 -25.2686898739657,22.8242712745149 -25.5004586727948,22.5795316911806 -25.9794475237081,22.1059688656579 -26.2802560360791,21.6058960303694 -26.7265337053518,20.8896090023717 -26.8285429826959,20.6664701677354 -26.4774533017049,20.7586092465118 -25.8681364885514,20.1657255388272 -24.9179619280008,19.8957678565344 -24.7677902157606,19.8954577979407 -21.8491569963479,20.8811340674759 -21.8143270809831,20.9106413103145 -18.252218926672,21.655040317479 -18.2191460100052,23.1968583513393 -17.8690381812278,23.5790055681377 -18.2812610816201,24.2173645362392 -17.8893470191185,24.5207051937925 -17.8871249325299,25.0844433936646 -17.6618156877374,25.264225701608 -17.7365398088314,25.6491634457502 -18.536025892819)))","1",Admin-0 country,"4",Botswana,BWA,"0","2",Sovereign country,Botswana,BWA,"0",Botswana,BWA,"0",Botswana,BWA,"0",Botswana,Botswana,BWA,Botswana,,Bwa.,BW,Republic of Botswana,,,,Botswana,,"6","5","7","3","1990876",27060,"-99","2011","-99",6. Developing region,3. Upper middle income,"-99",,BW,BWA,"072","072",BW,BWA,"-99",BWA,BWA,"-99","-99",Africa,Africa,Southern Africa,Sub-Saharan Africa,"8","8","4","-99","1",BWA.geojson
"MULTIPOLYGON (((30.8338598975938 3.50916596111034,30.77334679538 2.33988332764213,31.1741492042358 2.20446523682126,30.8526701189481 1.84939647054381,30.4685075212903 1.58380544677972,30.0861535987627 1.06231273030629,29.8757788429025 0.597379868976304,29.8195032081366 -0.205310153813372,29.5878377621722 -0.587405694179481,29.5794661801409 -1.34131316488563,29.2918868344366 -1.62005584066799,29.2548348324833 -2.21510995850891,29.1174788754516 -2.29221119548839,29.0249263852168 -2.83925790773016,29.2763839047491 -3.29390715903406,29.3399975929003 -4.49998341229409,29.5199866065729 -5.41997893638631,29.4199927100882 -5.93999887453943,29.62003217949 -6.52001515058343,30.1999967791017 -7.07998097089816,30.7400154965518 -8.34000741947091,30.3460860531908 -8.23825652428822,29.0029122250605 -8.40703175215347,28.7348665707625 -8.52655934004458,28.4498710466728 -9.16491830814608,28.6736816749289 -9.60592498132493,28.4960697771418 -10.789883721564,28.3722530453704 -11.7936467424014,28.6424174333924 -11.9715686987823,29.3415478858691 -12.3607439103724,29.6160014177712 -12.1788945451373,29.6996138852195 -13.2572266577718,28.9342859229768 -13.2489584286051,28.523561639121 -12.6986044246967,28.15510867688 -12.2724805640179,27.3887988624238 -12.1327474911007,27.1644197934125 -11.6087484676611,26.5530875993996 -11.9244397925321,25.7523096046047 -11.7849651017764,25.4181181169732 -11.33093596766,24.783169793403 -11.238693536019,24.314516228948 -11.2628264298993,24.257155389104 -10.9519926896637,23.9122152035557 -10.9268262671375,23.4567908057674 -10.8678634578925,22.8373454118847 -11.0176217586743,22.4027982927424 -10.9930754533357,22.1552681820643 -11.0848011206538,22.2087532894864 -9.89479623783651,21.8751819190423 -9.52370777754857,21.8018013851879 -8.90870655684298,21.949130893652 -8.30590097415828,21.7464559262033 -7.92008473066715,21.7281107927397 -7.2908724910813,20.5147481625265 -7.29960580813863,20.6018229509383 -6.93931772219968,20.0916215349206 -6.94309010175699,20.0377230160402 -7.11636117923165,19.4175024756732 -7.1554285620443,19.1666133968961 -7.73818368899975,19.0167517432497 -7.98824594486013,18.4641756527527 -7.84701425540644,18.1342216325691 -7.98767750410492,17.4729700049622 -8.0685511206417,17.0899959652472 -7.54568897871253,16.8601908708452 -7.22229786542999,16.5731799658961 -6.62264454511509,16.326528354567 -5.87747039146627,13.3755973649719 -5.86424122479955,13.024869419007 -5.98438892987816,12.7351713395787 -5.9656820613885,12.3224316748635 -6.10009246177966,12.1823368669203 -5.78993051516384,12.4366882666609 -5.68430388755925,12.4680041846297 -5.248361504745,12.6316117692658 -4.99127125409294,12.9955172054652 -4.78110320396188,13.258240187237 -4.88295745200917,13.6002348161447 -4.50013844159097,14.1449560889333 -4.51000864015872,14.2090348649752 -4.7930921362536,14.5826037940132 -4.97023894615014,15.1709916520884 -4.3435071753143,15.7535400733148 -3.8551648901561,16.0062895036543 -3.53513274497253,15.9728031755292 -2.71239226645361,16.4070919125101 -1.74092701579868,16.8653068376421 -1.22581633871329,17.5237162614729 -0.743830254726987,17.63864464689 -0.424831638189247,17.6635526872547 -0.058083998213817,17.8265401547033 0.288923244626105,17.7741919287916 0.855658677571085,17.8988354834796 1.74183197672828,18.0942757504074 2.36572154378806,18.3937923519711 2.90044342692822,18.4530652198099 3.50438589112335,18.5429822119978 4.20178518311832,18.9323124528848 4.70950613038598,19.4677836442931 5.03152781821278,20.2906791521089 4.69167776124529,20.9275911801063 4.32278554932974,21.65912275563 4.22434194581372,22.4051237321955 4.02916006104732,22.7041235694363 4.63305084881016,22.8414795264681 4.71012624757348,23.2972139828501 4.60969310141422,24.4105310401463 5.10878408448913,24.8050289242624 4.89724660890235,25.1288334490033 4.92724477784779,25.2787984555143 5.17040822999719,25.6504553565575 5.25608775473712,26.4027608578625 5.15087453859087,27.0440653826047 5.12785268800484,27.3742261085175 5.23394440350006,27.9799772478428 4.40841339763737,28.4289937680269 4.28715464926449,28.6966776872988 4.45507721599694,29.1590784034465 4.38926727947323,29.715995314256 4.60080475506003,29.9535001970695 4.17369904216768,30.8338598975938 3.50916596111034)))","1",Admin-0 country,"2",Democratic Republic of the Congo,COD,"0","2",Sovereign country,Democratic Republic of the Congo,COD,"0",Democratic Republic of the Congo,COD,"0",Democratic Republic of the Congo,COD,"0",Dem. Rep. Congo,Democratic Republic of the Congo,COD,Democratic Republic of the Congo,,D.R.C.,DRC,Democratic Republic of the Congo,,,,"Congo, Dem. Rep.",,"4","4","4","7","68692542",20640,"-99","1984","-99",7. Least developed region,5. Low income,"-99",,CD,COD,"180","180",ZR,ZAR,"-99",COD,COD,"-99","-99",Africa,Africa,Middle Africa,Sub-Saharan Africa,"15","32","6","-99","1",COD.geojson
"MULTIPOLYGON (((12.9955172054652 -4.78110320396188,12.6207597184845 -4.43802336997614,12.3186076188739 -4.60623015708619,11.9149630062421 -5.03798674888479,11.0937728206919 -3.97882659263055,11.8551216976481 -3.42687061932105,11.4780387712143 -2.76561899171424,11.8209635759032 -2.51416147218198,12.4957027523382 -2.39168832765024,12.5752844580676 -1.94851124431513,13.1096187679656 -2.42874032960351,13.9924072608077 -2.4708049454891,14.2992102393246 -1.99827564861221,14.4254557634136 -1.33340667074497,14.3164184912777 -0.552627455247048,13.8433207536457 0.038757635901149,14.276265903387 1.19692983642662,14.0266687354172 1.39567739502115,13.2826314632788 1.31418366129688,13.0031136410121 1.83089630778332,13.0758223812468 2.26709707275901,14.3378125342466 2.22787466064949,15.1463419938852 1.96401479736718,15.9409188168051 1.7276726342803,16.0128524105554 2.26763967529808,16.5370581397241 3.19825470622628,17.1330424333463 3.72819651937945,17.8099003435053 3.56019643799857,18.4530652198099 3.50438589112335,18.3937923519711 2.90044342692822,18.0942757504074 2.36572154378806,17.8988354834796 1.74183197672828,17.7741919287916 0.855658677571085,17.8265401547033 0.288923244626105,17.6635526872547 -0.058083998213817,17.63864464689 -0.424831638189247,17.5237162614729 -0.743830254726987,16.8653068376421 -1.22581633871329,16.4070919125101 -1.74092701579868,15.9728031755292 -2.71239226645361,16.0062895036543 -3.53513274497253,15.7535400733148 -3.8551648901561,15.1709916520884 -4.3435071753143,14.5826037940132 -4.97023894615014,14.2090348649752 -4.7930921362536,14.1449560889333 -4.51000864015872,13.6002348161447 -4.50013844159097,13.258240187237 -4.88295745200917,12.9955172054652 -4.78110320396188)))","1",Admin-0 country,"4",Republic of Congo,COG,"0","2",Sovereign country,Republic of Congo,COG,"0",Republic of Congo,COG,"0",Republic of Congo,COG,"0",Congo,Republic of Congo,COG,Republic of Congo,,Rep. Congo,CG,Republic of Congo,,,,"Congo, Rep.",,"2","1","3","10","4012809",15350,"-99","2007","-99",6. Developing region,4. Lower middle income,"-99",,CG,COG,"178","178",CG,COG,"-99",COG,COG,"-99","-99",Africa,Africa,Middle Africa,Sub-Saharan Africa,"5","17","10","-99","1",COG.geojson
"MULTIPOLYGON (((15.2794604834691 7.42192454673797,16.1062317237068 7.49708791750651,16.2905615576919 7.75430735923931,16.4561845231873 7.73477366783297,16.7059883968863 7.50832754152998,17.9649296403809 7.89091400800287,18.3895548845232 8.28130361575182,18.9110217627805 8.63089468020635,18.8120097185093 8.9829145369786,19.094008009526 9.07484691002584,20.0596854997643 9.01270600019485,21.0008683610962 9.47598521569151,21.7238216488595 10.567055568886,22.2311291846688 10.9718887394605,22.8641654802442 11.1423951278075,22.9775435726926 10.7144625919985,23.5543042335022 10.0892552759153,23.5572497901428 9.68121816653868,23.3947790870172 9.26506785729222,23.459012892356 8.95428579348889,23.8058134294668 8.66631887454243,24.5673690121521 8.22918793378547,25.1149324887168 7.82510407147917,25.1241308936647 7.50008515057944,25.7966479835112 6.97931590415807,26.2134184099451 6.54660329836207,26.4659094581232 5.94671743410187,27.2134090512252 5.55095347739456,27.3742261085175 5.23394440350006,27.0440653826047 5.12785268800484,26.4027608578625 5.15087453859087,25.6504553565575 5.25608775473712,25.2787984555143 5.17040822999719,25.1288334490033 4.92724477784779,24.8050289242624 4.89724660890235,24.4105310401463 5.10878408448913,23.2972139828501 4.60969310141422,22.8414795264681 4.71012624757348,22.7041235694363 4.63305084881016,22.4051237321955 4.02916006104732,21.65912275563 4.22434194581372,20.9275911801063 4.32278554932974,20.2906791521089 4.69167776124529,19.4677836442931 5.03152781821278,18.9323124528848 4.70950613038598,18.5429822119978 4.20178518311832,18.4530652198099 3.50438589112335,17.8099003435053 3.56019643799857,17.1330424333463 3.72819651937945,16.5370581397241 3.19825470622628,16.0128524105554 2.26763967529808,15.9073808122477 2.55738943115861,15.8627323747475 3.01353729899898,15.4053959489644 3.33530060466434,15.0362195166713 3.85136729574712,14.9509534033897 4.21038930909492,14.4783724300805 4.73260549562045,14.5589359880235 5.03059764243153,14.4594071794293 5.4517605656103,14.5365600928411 6.22695872642069,14.7765454444046 6.40849803306205,15.2794604834691 7.42192454673797)))","1",Admin-0 country,"4",Central African Republic,CAF,"0","2",Sovereign country,Central African Republic,CAF,"0",Central African Republic,CAF,"0",Central African Republic,CAF,"0",Central African Rep.,Central African Republic,CAF,Central African Rep.,,C.A.R.,CF,Central African Republic,,,,Central African Republic,,"5","6","6","9","4511488",3198,"-99","2003","-99",7. Least developed region,5. Low income,"-99",,CF,CAF,"140","140",CF,CAF,"-99",CAF,CAF,"-99","-99",Africa,Africa,Middle Africa,Sub-Saharan Africa,"20","24","6","-99","1",CAF.geojson
"MULTIPOLYGON (((-2.82749630371271 9.64246084231978,-3.51189897298627 9.90032623945622,-3.98044918457669 9.8623440617217,-4.33024695476038 9.61083486575714,-4.77988359213197 9.82198476810174,-4.9546532861431 10.1527139347697,-5.40434159994697 10.3707368026091,-5.47056494792901 10.951269842976,-5.19784257650865 11.3751457788501,-5.22094194174312 11.7138589543072,-4.4271661035238 12.5426455754043,-4.28040503581488 13.2284435083497,-4.00639075358723 13.4724854598481,-3.52280270019986 13.3376616479986,-3.10370683431276 13.5412667912286,-2.96769446452058 13.7981503361515,-2.19182451009039 14.2464175480674,-2.00103512206877 14.5590082870009,-1.06636349120566 14.9738150090078,-0.515854458000348 15.1161577417557,-0.26625729003058 14.9243089868721,0.374892205414682 14.9289081893461,0.295646396495101 14.4442349308807,0.429927605805517 13.9887330184439,0.993045688490071 13.3357496200038,1.02410322429748 12.8518256698066,2.17710778159378 12.6250178084775,2.15447350424992 11.9401500513133,1.93598554851988 11.6411502140726,1.44717817547107 11.5477192244889,1.24346967937649 11.1105107690835,0.899563022474069 10.9973393823643,0.023802524423701 11.0186817489008,-0.438701544588582 11.0983409692787,-0.761575893548183 10.9369296330151,-1.20335771321143 11.0098192407627,-2.94040930827046 10.9626903345126,-2.96389624674711 10.3953347843801,-2.82749630371271 9.64246084231978)))","1",Admin-0 country,"3",Burkina Faso,BFA,"0","2",Sovereign country,Burkina Faso,BFA,"0",Burkina Faso,BFA,"0",Burkina Faso,BFA,"0",Burkina Faso,Burkina Faso,BFA,Burkina Faso,,B.F.,BF,Burkina Faso,,,,Burkina Faso,,"2","1","5","11","15746232",17820,"-99","2006","-99",7. Least developed region,5. Low income,"-99",,BF,BFA,"854","854",BF,BFA,"-99",BFA,BFA,"-99","-99",Africa,Africa,Western Africa,Sub-Saharan Africa,"12","12","4","-99","1",BFA.geojson
"MULTIPOLYGON (((43.0812260272002 12.6996385767071,43.3178524106647 12.390148423711,43.2863814633989 11.9749282902459,42.7158736508965 11.7356405705183,43.1453048032421 11.4620396997489,42.776851841001 10.9268785669344,42.55493 11.10511,42.31414 11.0342,41.75557 11.05091,41.73959 11.35511,41.66176 11.6312,42.0 12.1,42.35156 12.54223,42.7796423683448 12.4554157576957,43.0812260272002 12.6996385767071)))","1",Admin-0 country,"5",Djibouti,DJI,"0","2",Sovereign country,Djibouti,DJI,"0",Djibouti,DJI,"0",Djibouti,DJI,"0",Djibouti,Djibouti,DJI,Djibouti,,Dji.,DJ,Republic of Djibouti,,,,Djibouti,,"1","2","4","8","516055",1885,"-99","2009","-99",7. Least developed region,4. Lower middle income,"-99",,DJ,DJI,"262","262",DJ,DJI,"-99",DJI,DJI,"-99","-99",Africa,Africa,Eastern Africa,Middle East & North Africa,"8","8","4","-99","1",DJI.geojson
"MULTIPOLYGON (((11.9995056494716 23.4716684025964,8.57289310062978 21.5656607121591,5.67756595218069 19.6012069767997,4.26741946780004 19.155265204337,3.1581331722227 19.05736420336,3.1466610042539 19.6935785995214,2.68358849448643 19.8562301701601,2.06099083823392 20.1422333846795,1.82322757325903 20.610809434486,-1.55005489745761 22.7926659204974,-4.92333736817423 24.974574082941,-8.68439978680905 27.395744126896,-8.66512447756419 27.5894790715582,-8.66558956545481 27.6564258895924,-8.67411617678297 28.8412889673966,-7.05922766766193 29.5792284205245,-6.06063229005377 29.7316997340017,-5.24212927898279 30.0004430201356,-4.85964616537447 30.5011876490438,-3.6904410465547 30.8969516057512,-3.64749793132015 31.6372940129807,-3.06898027181265 31.7244979924732,-2.61660478352957 32.0943462183861,-1.30789913573787 32.2628889023061,-1.12455115396631 32.6515215113571,-1.38804928222257 32.8640150009413,-1.73345455566147 33.919712836232,-1.79298580566169 34.5279186060912,-2.16991370279862 35.1683963079167,-1.20860287108906 35.7148487411871,-0.127454392894606 35.8886624212008,0.503876580415209 36.3012728948353,1.46691857260655 36.6056470810344,3.16169884605082 36.7839049342252,4.81575809084913 36.8650369329235,5.32012007001779 36.7165188665166,6.26181969567261 37.1106550156067,7.33038496260397 37.1183806422344,7.737078484741 36.8857075058402,8.42096438969168 36.9464273137832,8.21782433435231 36.4331769882603,8.37636762862377 35.4798760035559,8.1409814795343 34.6551459823938,7.52448164229224 34.0973764104515,7.61264163578218 33.344114895149,8.43047285323337 32.748337307256,8.43910281742612 32.5062848984008,9.05560265466815 32.1026919622013,9.48213992680527 30.3075560572462,9.80563439295241 29.4246383733234,9.85999799972345 28.959989732371,9.68388471847277 28.1441738957792,9.75612837081678 27.6882585718841,9.62905602381107 27.1409534774809,9.71628584151975 26.5122063257857,9.31941084151816 26.0943248560575,9.91069257980178 25.3654546167967,9.94826134607797 24.9369536402325,10.3038468766784 24.3793132593709,10.7713635596229 24.5625320500618,11.560669386449 24.0979092473255,11.9995056494716 23.4716684025964)))","1",Admin-0 country,"3",Algeria,DZA,"0","2",Sovereign country,Algeria,DZA,"0",Algeria,DZA,"0",Algeria,DZA,"0",Algeria,Algeria,DZA,Algeria,,Alg.,DZ,People's Democratic Republic of Algeria,,,,Algeria,,"5","1","6","3","34178188",232900,"-99","2008","-99",6. Developing region,3. Upper middle income,"-99",,DZ,DZA,"012","012",DZ,DZA,"-99",DZA,DZA,"-99","-99",Africa,Africa,Northern Africa,Middle East & North Africa,"7","7","4","-99","1",DZA.geojson
"MULTIPOLYGON (((-8.4392984684487 7.68604279218174,-8.72212358238212 7.71167430259851,-8.926064622422 7.30903738039637,-9.20878638349084 7.31392080324795,-9.40334815106975 7.52690521893891,-9.33727983238458 7.92853445071135,-9.75534216962583 8.54105520266693,-10.0165665348613 8.42850393313523,-10.2300935530913 8.40620555260129,-10.5054772607747 8.3488963891896,-10.4943151513996 8.71554067630044,-10.6547704736659 8.97717845299419,-10.622395188835 9.26791006106828,-10.8391519840833 9.68824616133037,-11.1174812484073 10.0458729110063,-11.9172773909887 10.0469839543006,-12.150338100625 9.85857168216438,-12.4259285140376 9.83583405195596,-12.5967191227622 9.62018830000197,-12.7119575667731 9.34271169681077,-13.2465502588325 8.90304861087151,-13.6851539779098 9.49474376061346,-14.0740449691223 9.88616689700825,-14.3300758529124 10.015719712764,-14.5796988590983 10.2144672713585,-14.6932319808435 10.656300767454,-14.8395537988779 10.8765715600981,-15.1303112451682 11.0404116886795,-14.6856872217289 11.5278237980565,-14.3821915348787 11.5092719588637,-14.1214064193178 11.6771170109477,-13.9007997298638 11.6787189803487,-13.7431607731574 11.8112690291774,-13.8282718571421 12.142644151249,-13.7187436588995 12.2471855737755,-13.7004760400843 12.5861829696102,-13.2178181624782 12.575873521368,-12.4990506657306 12.3320899520311,-12.2785990055734 12.3544400089973,-12.2035648258856 12.4656476912894,-11.6583009505579 12.3865827498828,-11.5139428369506 12.4429875757294,-11.4561685856483 12.0768342147253,-11.2975736149445 12.0779710962358,-11.0365559554383 12.2112446151165,-10.8708296370782 12.1778874780721,-10.5932238428063 11.923975328006,-10.1652137923488 11.8440835636827,-9.89099280439201 12.060478623905,-9.56791174970321 12.1942430688925,-9.32761633954601 12.3342862004035,-9.12747351727958 12.3080604110153,-8.90526485842453 12.0883580591264,-8.78609900555946 11.8125609399847,-8.37630489748491 11.3936459416106,-8.58130530438677 11.1362456323648,-8.62032101076713 10.8108908146552,-8.40731075686003 10.9092569035228,-8.28235714357828 10.7925973576238,-8.33537716310974 10.4948119165419,-8.02994361004862 10.2065349390017,-8.22933712404682 10.1290202905639,-8.30961646161225 9.78953196862244,-8.07911373537435 9.37622386315203,-7.83210038901919 8.57570425051863,-8.20349890790088 8.45545319257545,-8.29904863120856 8.3164435897103,-8.2217923649322 8.12332876223557,-8.28070349774494 7.68717967369216,-8.4392984684487 7.68604279218174)))","1",Admin-0 country,"3",Guinea,GIN,"0","2",Sovereign country,Guinea,GIN,"0",Guinea,GIN,"0",Guinea,GIN,"0",Guinea,Guinea,GIN,Guinea,,Gin.,GN,Republic of Guinea,,,,Guinea,,"6","3","7","2","10057975",10600,"-99","1996","-99",7. Least developed region,5. Low income,"-99",,GN,GIN,"324","324",GN,GIN,"-99",GIN,GIN,"-99","-99",Africa,Africa,Western Africa,Sub-Saharan Africa,"6","6","4","-99","1",GIN.geojson
"MULTIPOLYGON (((42.35156 12.54223,42.00975 12.86582,41.59856 13.45209,41.1551937192498 13.7733198104352,40.8966 14.11864,40.0262187029692 14.5195791691623,39.34061 14.53155,39.0994 14.74064,38.51295 14.50547,37.90607 14.95943,37.59377 14.2131,36.42951 14.42211,36.3231889177981 14.8224805770411,36.7538603045186 16.2918740910443,36.85253 16.95655,37.16747 17.26314,37.904 17.42754,38.4100899594732 17.9983073999703,38.99062299984 16.8406261255517,39.266110060388 15.9227234969672,39.8142936541402 15.4356472844003,41.1792749366977 14.4910796167532,41.7349516131324 13.9210368921416,42.2768306821449 13.3439920109544,42.5895764503753 13.0004212508619,43.0812260272002 12.6996385767071,42.7796423683448 12.4554157576957,42.35156 12.54223)))","1",Admin-0 country,"4",Eritrea,ERI,"0","2",Sovereign country,Eritrea,ERI,"0",Eritrea,ERI,"0",Eritrea,ERI,"0",Eritrea,Eritrea,ERI,Eritrea,,Erit.,ER,State of Eritrea,,,,Eritrea,,"3","1","2","12","5647168",3945,"-99","1984","-99",7. Least developed region,5. Low income,"-99",,ER,ERI,"232","232",ER,ERI,"-99",ERI,ERI,"-99","-99",Africa,Africa,Eastern Africa,Sub-Saharan Africa,"7","7","5","-99","1",ERI.geojson
"MULTIPOLYGON (((34.9226 29.50133,34.64174 29.09942,34.42655 28.34399,34.15451 27.8233,33.92136 27.6487,33.58811 27.97136,33.13676 28.41765,32.42323 29.85108,32.32046 29.76043,32.73482 28.70523,33.34876 27.69989,34.10455 26.14227,34.47387 25.59856,34.79507 25.03375,35.69241 23.92671,35.49372 23.75237,35.52598 23.10244,36.69069 22.20485,36.86623 22.0,32.9 22.0,29.02 22.0,25 22,25.0 25.682499996361,25.0 29.2386545295335,24.70007 30.04419,24.95762 30.6616,24.80287 31.08929,25.16482 31.56915,26.49533 31.58568,27.45762 31.32126,28.45048 31.02577,28.91353 30.87005,29.68342 31.18686,30.09503 31.4734,30.97693 31.55586,31.68796 31.4296,31.96041 30.9336,32.19247 31.26034,32.99392 31.02407,33.7734 30.96746,34.26544 31.21936,34.9226 29.50133)))","1",Admin-0 country,"2",Egypt,EGY,"0","2",Sovereign country,Egypt,EGY,"0",Egypt,EGY,"0",Egypt,EGY,"0",Egypt,Egypt,EGY,Egypt,,Egypt,EG,Arab Republic of Egypt,,,,"Egypt, Arab Rep.",,"4","6","7","2","83082869",443700,"-99","2006","-99",5. Emerging region: G20,4. Lower middle income,"-99",,EG,EGY,"818","818",EG,EGY,"-99",EGY,EGY,"-99","-99",Africa,Africa,Northern Africa,Middle East & North Africa,"5","5","5","-99","1",EGY.geojson
"MULTIPOLYGON (((37.90607 14.95943,38.51295 14.50547,39.0994 14.74064,39.34061 14.53155,40.02625 14.51959,40.8966 14.11864,41.1552 13.77333,41.59856 13.45209,42.00975 12.86582,42.35156 12.54223,42.0 12.1,41.66176 11.6312,41.73959 11.35511,41.75557 11.05091,42.31414 11.0342,42.55493 11.10511,42.776851841001 10.9268785669344,42.55876 10.57258,42.92812 10.02194,43.29699 9.54048,43.67875 9.18358,46.94834 7.99688,47.78942 8.003,44.9636 5.00162,43.66087 4.95755,42.76967 4.25259,42.12861 4.23413,41.8550830926441 3.91891192048376,41.1718 3.91909,40.76848 4.25702,39.85494 3.83879,39.5593842587659 3.42206,38.89251 3.50074,38.67114 3.61607,38.43697 3.58851,38.120915 3.598605,36.8550932380082 4.44786412767286,36.1590786328557 4.44786412767286,35.8174476623536 4.77696566346202,35.8174476623536 5.33823208279085,35.2980071182331 5.506,34.70702 6.59422,34.25032 6.82607,34.0751 7.22595,33.56829 7.71334,32.95418 7.78497,33.2948 8.35458,33.8255 8.37916,33.97498 8.68456,33.96162 9.58358,34.25745 10.63009,34.73115 10.91017,34.83163 11.31896,35.26049 12.08286,35.86363 12.57828,36.27022 13.56333,36.42951 14.42211,37.59377 14.2131,37.90607 14.95943)))","1",Admin-0 country,"2",Ethiopia,ETH,"0","2",Sovereign country,Ethiopia,ETH,"0",Ethiopia,ETH,"0",Ethiopia,ETH,"0",Ethiopia,Ethiopia,ETH,Ethiopia,,Eth.,ET,Federal Democratic Republic of Ethiopia,,,,Ethiopia,,"4","4","1","13","85237338",68770,"-99","2007","-99",7. Least developed region,5. Low income,"-99",,ET,ETH,"231","231",ET,ETH,"-99",ETH,ETH,"-99","-99",Africa,Africa,Eastern Africa,Sub-Saharan Africa,"8","8","4","-99","1",ETH.geojson
"MULTIPOLYGON (((11.0937728206919 -3.97882659263055,10.0661352881357 -2.96948251710568,9.40524539555497 -2.14431324626904,8.79799563969317 -1.1113013647545,8.83008670414642 -0.779073581550037,9.04841963057959 -0.459351494960217,9.29135053878369 0.268666083167687,9.49288862472199 1.01011953369149,9.83028405115564 1.0678937849938,11.2850789730365 1.05766185140001,11.2764490088437 2.26105093018087,11.7516654801998 2.32675751383999,12.3593803239522 2.19281220133945,12.9513338558556 2.32161570882694,13.0758223812468 2.26709707275901,13.0031136410121 1.83089630778332,13.2826314632788 1.31418366129688,14.0266687354172 1.39567739502115,14.276265903387 1.19692983642662,13.8433207536457 0.038757635901149,14.3164184912777 -0.552627455247048,14.4254557634136 -1.33340667074497,14.2992102393246 -1.99827564861221,13.9924072608077 -2.4708049454891,13.1096187679656 -2.42874032960351,12.5752844580676 -1.94851124431513,12.4957027523382 -2.39168832765024,11.8209635759032 -2.51416147218198,11.4780387712143 -2.76561899171424,11.8551216976481 -3.42687061932105,11.0937728206919 -3.97882659263055)))","1",Admin-0 country,"4",Gabon,GAB,"0","2",Sovereign country,Gabon,GAB,"0",Gabon,GAB,"0",Gabon,GAB,"0",Gabon,Gabon,GAB,Gabon,,Gabon,GA,Gabonese Republic,,,,Gabon,,"6","2","5","5","1514993",21110,"-99","2003","-99",6. Developing region,3. Upper middle income,"-99",,GA,GAB,"266","266",GA,GAB,"-99",GAB,GAB,"-99","-99",Africa,Africa,Middle Africa,Sub-Saharan Africa,"5","5","5","3","1",GAB.geojson
"MULTIPOLYGON (((1.06012169760493 5.92883738852888,-0.507637905265938 5.34347260174267,-1.06362464029419 5.00054779705381,-1.96470659016759 4.71046214438337,-2.8561250472024 4.99447581625951,-2.81070146321784 5.38905121502411,-3.24437008301126 6.2504715031135,-2.98358496745033 7.37970490155551,-2.56218950032624 8.21962779381148,-2.82749630371271 9.64246084231978,-2.96389624674711 10.3953347843801,-2.94040930827046 10.9626903345126,-1.20335771321143 11.0098192407627,-0.761575893548183 10.9369296330151,-0.438701544588582 11.0983409692787,0.023802524423701 11.0186817489008,-0.049784715159944 10.7069178328839,0.367579990245389 10.1912128768272,0.365900506195885 9.46500397382948,0.461191847342121 8.67722260175601,0.712029249686878 8.31246450442383,0.490957472342245 7.41174428957648,0.570384148774849 6.91435862876719,0.836931186536333 6.27997874595215,1.06012169760493 5.92883738852888)))","1",Admin-0 country,"3",Ghana,GHA,"0","2",Sovereign country,Ghana,GHA,"0",Ghana,GHA,"0",Ghana,GHA,"0",Ghana,Ghana,GHA,Ghana,,Ghana,GH,Republic of Ghana,,,,Ghana,,"5","3","1","4","23832495",34200,"-99","2010","-99",6. Developing region,4. Lower middle income,"-99",,GH,GHA,"288","288",GH,GHA,"-99",GHA,GHA,"-99","-99",Africa,Africa,Western Africa,Sub-Saharan Africa,"5","5","5","-99","1",GHA.geojson
"MULTIPOLYGON (((-16.8415246240813 13.1513939478026,-16.7137288070235 13.5949586043799,-15.6245963200399 13.6235873478696,-15.3987703109245 13.8603687606309,-15.0817353988138 13.876491807506,-14.6870308089685 13.6303569604998,-14.3767138330558 13.6256802433774,-14.0469923568175 13.7940678980004,-13.8449633447724 13.505041612192,-14.2777017887846 13.2805850285322,-14.7121972314946 13.2982066919438,-15.1411632959495 13.5095116235852,-15.5118125065629 13.2785696476729,-15.691000535535 13.2703530949385,-15.9312959456922 13.1302841252113,-16.8415246240813 13.1513939478026)))","1",Admin-0 country,"6",Gambia,GMB,"0","2",Sovereign country,Gambia,GMB,"0",Gambia,GMB,"0",Gambia,GMB,"0",Gambia,The Gambia,GMB,Gambia,,Gambia,GM,Republic of the Gambia,,,,"Gambia, The",,"1","4","1","8","1782893",2272,"-99","2003","-99",7. Least developed region,5. Low income,"-99",,GM,GMB,"270","270",GM,GMB,"-99",GMB,GMB,"-99","-99",Africa,Africa,Western Africa,Sub-Saharan Africa,"6","10","6","-99","1",GMB.geojson
"MULTIPOLYGON (((-15.1303112451682 11.0404116886795,-15.6641804671755 11.4584740259208,-16.0852141992736 11.5245940210382,-16.3147867497302 11.8065147974065,-16.3089473128812 11.9587018905061,-16.6138382634033 12.1709111597127,-16.6774519515546 12.3848515894011,-16.1477168441306 12.5477615422012,-15.8165742660043 12.5155671248833,-15.548476935274 12.6281700708473,-13.7004760400843 12.5861829696102,-13.7187436588995 12.2471855737755,-13.8282718571421 12.142644151249,-13.7431607731574 11.8112690291774,-13.9007997298638 11.6787189803487,-14.1214064193178 11.6771170109477,-14.3821915348787 11.5092719588637,-14.6856872217289 11.5278237980565,-15.1303112451682 11.0404116886795)))","1",Admin-0 country,"6",Guinea Bissau,GNB,"0","2",Sovereign country,Guinea Bissau,GNB,"0",Guinea Bissau,GNB,"0",Guinea Bissau,GNB,"0",Guinea-Bissau,Guinea-Bissau,GNB,Guinea-Bissau,,GnB.,GW,Republic of Guinea-Bissau,,,,Guinea-Bissau,,"3","5","3","4","1533964",904.2,"-99","2009","-99",7. Least developed region,5. Low income,"-99",,GW,GNB,"624","624",GW,GNB,"-99",GNB,GNB,"-99","-99",Africa,Africa,Western Africa,Sub-Saharan Africa,"13","13","4","-99","1",GNB.geojson
"MULTIPOLYGON (((9.49288862472199 1.01011953369149,9.30561323409626 1.16091136311918,9.64915815597263 2.28386607503774,11.2764490088437 2.26105093018087,11.2850789730365 1.05766185140001,9.83028405115564 1.0678937849938,9.49288862472199 1.01011953369149)))","1",Admin-0 country,"4",Equatorial Guinea,GNQ,"0","2",Sovereign country,Equatorial Guinea,GNQ,"0",Equatorial Guinea,GNQ,"0",Equatorial Guinea,GNQ,"0",Eq. Guinea,Equatorial Guinea,GNQ,Eq. Guinea,,Eq. G.,GQ,Republic of Equatorial Guinea,,,,Equatorial Guinea,,"4","1","4","8","650702",14060,"0","2002","0",7. Least developed region,2. High income: nonOECD,"-99",,GQ,GNQ,"226","226",GQ,GNQ,"-99",GNQ,GNQ,"-99","-99",Africa,Africa,Middle Africa,Sub-Saharan Africa,"10","17","6","-99","1",GNQ.geojson
"MULTIPOLYGON (((40.993 -0.85829,41.58513 -1.68325,40.88477 -2.08255,40.63785 -2.49979,40.26304 -2.57309,40.12119 -3.27768,39.80006 -3.68116,39.60489 -4.34653,39.20222 -4.67677,37.7669 -3.67712,37.69869 -3.09699,34.07262 -1.05982,33.9037111971045 -0.95,33.8935689696669 0.109813537861896,34.18 0.515,34.6721 1.17694,35.03599 1.90584,34.59607 3.05374,34.47913 3.5556,34.005 4.24988494736205,34.6201962678539 4.84712274208199,35.298007118233 5.506,35.8174476623535 5.3382320827908,35.8174476623535 4.77696566346189,36.1590786328556 4.44786412767277,36.8550932380081 4.44786412767277,38.120915 3.598605,38.43697 3.58851,38.67114 3.61607,38.89251 3.50074,39.5593842587659 3.42206,39.85494 3.83879,40.76848 4.25702,41.1718 3.91909,41.855083092644 3.91891192048373,40.98105 2.78452,40.993 -0.85829)))","1",Admin-0 country,"2",Kenya,KEN,"0","2",Sovereign country,Kenya,KEN,"0",Kenya,KEN,"0",Kenya,KEN,"0",Kenya,Kenya,KEN,Kenya,,Ken.,KE,Republic of Kenya,,,,Kenya,,"5","2","7","3","39002772",61510,"-99","2009","-99",5. Emerging region: G20,5. Low income,"-99",,KE,KEN,"404","404",KE,KEN,"-99",KEN,KEN,"-99","-99",Africa,Africa,Eastern Africa,Sub-Saharan Africa,"5","5","4","-99","1",KEN.geojson
"MULTIPOLYGON (((14.8513 22.86295,14.1438708838552 22.4912889673711,13.5814245947905 23.0405060897693,11.9995056494717 23.4716684025964,11.560669386449 24.0979092473256,10.771363559623 24.5625320500617,10.3038468766784 24.379313259371,9.94826134607803 24.9369536402326,9.91069257980178 25.3654546167968,9.31941084151822 26.0943248560575,9.71628584151966 26.5122063257857,9.62905602381107 27.140953477481,9.75612837081678 27.6882585718842,9.68388471847288 28.1441738957793,9.85999799972348 28.9599897323711,9.80563439295236 29.4246383733234,9.48213992680542 30.3075560572462,9.97001712407297 30.5393248560754,10.0565751481617 30.9618313664935,9.9502250505052 31.3760696477453,10.6369014827995 31.7614208033457,10.9447896663945 32.0818146835554,11.4322534522038 32.3689031031528,11.488787469131 33.1369957545232,12.66331 32.79278,13.08326 32.87882,13.91868 32.71196,15.24563 32.26508,15.71394 31.37626,16.61162 31.18218,18.02109 30.76357,19.08641 30.26639,19.57404 30.52582,20.05335 30.98576,19.82033 31.75179,20.13397 32.2382,20.85452 32.7068,21.54298 32.8432,22.89576 32.63858,23.2368 32.19149,23.60913 32.18726,23.9275 32.01667,24.92114 31.89936,25.16482 31.56915,24.80287 31.08929,24.95762 30.6616,24.70007 30.04419,25.0 29.2386545295336,25.0 25.682499996361,25.0 22.0,25.0 20.00304,23.85 20.0,23.83766 19.58047,19.84926 21.49509,15.86085 23.40972,14.8513 22.86295)))","1",Admin-0 country,"3",Libya,LBY,"0","2",Sovereign country,Libya,LBY,"0",Libya,LBY,"0",Libya,LBY,"0",Libya,Libya,LBY,Libya,,Libya,LY,Libya,,,,Libya,,"1","2","2","11","6310434",88830,"-99","2006","-99",6. Developing region,3. Upper middle income,"-99",,LY,LBY,"434","434",LY,LBY,"-99",LBY,LBY,"-99","-99",Africa,Africa,Northern Africa,Middle East & North Africa,"5","5","5","-99","1",LBY.geojson
"MULTIPOLYGON (((-5.19386349122203 35.7551821965909,-4.59100623210514 35.3307119817457,-3.64005652507001 35.399855048152,-2.60430579264411 35.1790933294011,-2.16991370279862 35.1683963079167,-1.79298580566166 34.5279186060913,-1.73345455566141 33.9197128362321,-1.3880492822226 32.8640150009414,-1.12455115396619 32.6515215113572,-1.30789913573787 32.262888902306,-2.61660478352957 32.0943462183862,-3.06898027181265 31.7244979924733,-3.64749793132015 31.6372940129808,-3.69044104655467 30.8969516057512,-4.85964616537444 30.5011876490439,-5.24212927898279 30.0004430201356,-6.06063229005375 29.7316997340018,-7.0592276676619 29.5792284205247,-8.67411617678283 28.8412889673967,-8.66558956545484 27.6564258895925,-8.81780900794053 27.6564258895925,-8.81782833498664 27.6564258895925,-8.79488399904903 27.1206963160226,-9.41303748212451 27.0884760604885,-9.73534339032875 26.8609447291074,-10.1894242008775 26.8609447291074,-10.5512625797853 26.9908076034569,-11.3925548974969 26.8834239771544,-11.7182197738003 26.1040917017608,-12.0307588363017 26.0308661972031,-12.5009626937254 24.7701162785781,-13.891110398809 23.6910090194594,-14.2211677718572 22.3101630721883,-14.6308326888509 21.8609398462749,-14.7509545557134 21.5006000839038,-17.0029617985611 21.4207341577967,-17.0204284326758 21.4223102889816,-16.9732478499932 21.885744533775,-16.5891369287676 22.1582343612501,-16.2619217594957 22.6793395044813,-16.3264139469959 23.0177684595609,-15.9826106429581 23.7233584660741,-15.4260037907422 24.359133612561,-15.0893318343607 24.520260728447,-14.8246451481617 25.1035326197253,-14.8009256657397 25.6362649602223,-14.4399399479648 26.2544184432977,-13.7738048975065 26.6188923202523,-13.1399417790143 27.6401478134205,-13.1216133699147 27.6541476717198,-12.6188366357831 28.0381855331487,-11.6889192366908 28.1486439071726,-10.9009569971044 28.8321422388809,-10.3995922510086 29.0985859237778,-9.56481116376563 29.9335737167499,-9.81471839032917 31.1777355006091,-9.43479326011936 32.0380964218365,-9.30069291832183 32.5646792668906,-8.65747636558504 33.2402452662424,-7.65417843263822 33.6970649277025,-6.91254411460136 34.1104763860374,-6.24434200685141 35.1458653834375,-5.92999426921983 35.759988104794,-5.19386349122203 35.7551821965909)))","1",Admin-0 country,"3",Morocco,MAR,"0","2",Sovereign country,Morocco,MAR,"0",Morocco,MAR,"0",Morocco,MAR,"0",Morocco,Morocco,MAR,Morocco,,Mor.,MA,Kingdom of Morocco,,,,Morocco,,"2","2","3","9","34859364",136600,"-99","2004","-99",6. Developing region,4. Lower middle income,"-99",,MA,MAR,"504","504",MA,MAR,"-99",MAR,MAR,"-99","-99",Africa,Africa,Northern Africa,Middle East & North Africa,"7","7","4","-99","1",MAR.geojson
"MULTIPOLYGON (((49.5435189145958 -12.4698328589406,49.8089807472791 -12.8952849259996,50.0565108579572 -13.555761407122,50.2174312681141 -14.7587887508768,50.4765368996255 -15.2265121395505,50.377111443896 -15.7060694312191,50.2002746925932 -16.0002633602568,49.8606055031387 -15.4142526180669,49.6726066424609 -15.7102035458025,49.8633443540502 -16.4510368791388,49.7745642433727 -16.8750420060936,49.4986120949341 -17.1060356584383,49.4356185239703 -17.9530640601344,49.0417924334739 -19.1187810197744,48.548540887248 -20.4968881161341,47.9307491391987 -22.3915011532511,47.5477234230513 -23.7819589169285,47.0957613462266 -24.9416297339905,46.2824776548171 -25.1784628231841,45.4095076841104 -25.6014344214931,44.8335738462175 -25.3461011695389,44.0397204933498 -24.9883452287823,43.7637683449112 -24.46067717865,43.6977775408745 -23.5741163062506,43.3456543312376 -22.7769039852839,43.254187046081 -22.0574130184841,43.4332975604046 -21.3364751115802,43.8936828956929 -21.1633073869701,43.8963700701721 -20.8304594865782,44.3743253924397 -20.0723662248564,44.4643974139244 -19.435454196859,44.2324219093662 -18.9619947242009,44.0429761085841 -18.3313872209432,43.9630843442609 -17.4099447567468,44.3124687029863 -16.850495700755,44.4465173683514 -16.2162191708045,44.9449365578065 -16.1793738745804,45.502731967965 -15.9743734676785,45.8729936053363 -15.7934542782247,46.3122432798172 -15.7800184058288,46.8821826515643 -15.2101823869463,47.7051298358124 -14.5943026668918,48.0052148781313 -14.0912325985304,47.8690474790422 -13.6638685034766,48.2938277524814 -13.7840678849875,48.8450602557388 -13.0891748999587,48.863508742067 -12.4878679338104,49.1946513201933 -12.040556735892,49.5435189145958 -12.4698328589406)))","1",Admin-0 country,"3",Madagascar,MDG,"0","2",Sovereign country,Madagascar,MDG,"0",Madagascar,MDG,"0",Madagascar,MDG,"0",Madagascar,Madagascar,MDG,Madagascar,,Mad.,MG,Republic of Madagascar,,,,Madagascar,,"6","5","2","3","20653556",20130,"-99","1993","-99",7. Least developed region,5. Low income,"-99",,MG,MDG,"450","450",MG,MDG,"-99",MDG,MDG,"-99","-99",Africa,Africa,Eastern Africa,Sub-Saharan Africa,"10","10","4","-99","1",MDG.geojson
"MULTIPOLYGON (((-7.71215938966975 4.36456594483772,-7.97410722495725 4.35575511313196,-9.00479366701867 4.8324185245922,-9.91342037600668 5.59356069581921,-10.7653838769866 6.14071076092556,-11.4387794661821 6.78591685630575,-11.1998018050483 7.10584564862474,-11.1467042708684 7.39670644777954,-10.6955948551765 7.93946401614109,-10.2300935530913 8.40620555260129,-10.0165665348613 8.42850393313523,-9.75534216962583 8.54105520266693,-9.33727983238458 7.92853445071135,-9.40334815106975 7.52690521893891,-9.20878638349084 7.31392080324795,-8.926064622422 7.30903738039637,-8.72212358238212 7.71167430259851,-8.4392984684487 7.68604279218174,-8.48544552248535 7.39520783124307,-8.38545162600057 6.91180064536874,-8.60288021486862 6.46756419517166,-8.31134762209402 6.19303314862108,-7.99369259279588 6.12618968345154,-7.57015255373169 5.7073521997259,-7.53971513511176 5.31334524171652,-7.63536821128403 5.18815908448946,-7.71215938966975 4.36456594483772)))","1",Admin-0 country,"4",Liberia,LBR,"0","2",Sovereign country,Liberia,LBR,"0",Liberia,LBR,"0",Liberia,LBR,"0",Liberia,Liberia,LBR,Liberia,,Liberia,LR,Republic of Liberia,,,,Liberia,,"2","3","4","9","3441790",1526,"-99","2008","-99",7. Least developed region,5. Low income,"-99",,LR,LBR,"430","430",LR,LBR,"-99",LBR,LBR,"-99","-99",Africa,Africa,Western Africa,Sub-Saharan Africa,"7","7","7","-99","1",LBR.geojson
"MULTIPOLYGON (((34.5599890479994 -11.5200200334159,35.312397902169 -11.4391464168791,36.5140816586843 -11.7209380021667,36.7751509946228 -11.5945374487808,37.4712842140266 -11.5687509090672,37.8276448911114 -11.2687692196128,38.4275565935878 -11.2852023250817,39.5210299008838 -10.8968539364082,40.3165885760172 -10.3170960425257,40.478387485523 -10.76544076909,40.4372530454187 -11.761710707245,40.5608113950286 -12.639176527561,40.5996203956798 -14.2019751929319,40.775475294769 -14.6917644181942,40.4772506040126 -15.406294447494,40.0892639503652 -16.1007740210645,39.4525586280971 -16.7208912085669,38.5383508644215 -17.101023044506,37.4111328468389 -17.5863680965912,36.2812793312094 -18.6596875952934,35.8964966163641 -18.8422604305806,35.1983996925331 -19.5528113745939,34.78638349787 -19.7840117326677,34.7018925310728 -20.497043145431,35.1761271502154 -21.2543612606684,35.3734277687057 -21.8408370907489,35.3858482537054 -22.14,35.5625455363691 -22.09,35.5339347674043 -23.0707878557278,35.3717741228724 -23.5353589820317,35.6074703305556 -23.7065630022147,35.4587455584196 -24.1226099585965,35.0407348976107 -24.4783505184938,34.2158240089355 -24.8163143856827,33.013210076639 -25.3575733375077,32.5746321957779 -25.7273182105561,32.6603633969501 -26.1485844865994,32.9159550310657 -26.2158672014435,32.8301204770289 -26.7421916643362,32.0716654802811 -26.7338200823049,31.985779249812 -26.2917798804802,31.8377779477281 -25.8433318010513,31.7524084815819 -25.4842839494874,31.9305888201242 -24.3694165992225,31.6703979835347 -23.6589690080739,31.1914091326213 -22.2515096981724,32.244988234188 -21.1164885393137,32.5086930681734 -20.3952922502483,32.6597432797626 -20.3042900529823,32.7727079607526 -19.7155921363133,32.6119942563249 -19.4193828264163,32.6548856951271 -18.6720899390435,32.8498608741644 -17.9790573055772,32.8476387875758 -16.7133981258846,32.3282389666102 -16.3920740698938,31.8520406430406 -16.3194170060914,31.6364982439512 -16.0719902482779,31.1730639991577 -15.8609436987979,30.3389547055345 -15.8808391252302,30.2742558123051 -15.5077869605152,30.1794812354818 -14.7960991349915,33.2140246925252 -13.9718600399362,33.7897001482567 -14.4518307430631,34.0648254737786 -14.3599500464481,34.4596334164885 -14.6130095353814,34.5176660499523 -15.0137085913726,34.3072912940921 -15.4786414527026,34.3812919451341 -16.183559665596,35.0338102556835 -16.8012997372131,35.3390629412316 -16.1074402808301,35.7719047381084 -15.8968588192407,35.6868453305559 -14.6110458309543,35.267956170398 -13.8878341610296,34.9071513201362 -13.5654248999606,34.5599890479994 -13.5799976538669,34.280006137842 -12.2800253231325,34.5599890479994 -11.5200200334159)))","1",Admin-0 country,"3",Mozambique,MOZ,"0","2",Sovereign country,Mozambique,MOZ,"0",Mozambique,MOZ,"0",Mozambique,MOZ,"0",Mozambique,Mozambique,MOZ,Mozambique,,Moz.,MZ,Republic of Mozambique,,,,Mozambique,,"4","2","1","4","21669278",18940,"-99","2007","-99",7. Least developed region,5. Low income,"-99",,MZ,MOZ,"508","508",MZ,MOZ,"-99",MOZ,MOZ,"-99","-99",Africa,Africa,Eastern Africa,Sub-Saharan Africa,"10","10","4","-99","1",MOZ.geojson
"MULTIPOLYGON (((-12.1707502913803 14.6168342147355,-12.8306583317475 15.3036915145429,-13.4357376774531 16.0393830428662,-14.0995214502422 16.3043022730105,-14.577347581429 16.5982636581028,-15.1357372705588 16.5872824162408,-15.6236661442587 16.3693370630498,-16.1206900700419 16.4556625431934,-16.4630981104079 16.1350361190385,-16.5497078109291 16.673892116762,-16.2705517236884 17.1669627954749,-16.1463474186748 18.1084815536167,-16.2568833073472 19.0967158065503,-16.3776511296133 19.593817246982,-16.2778381006415 20.0925206568147,-16.5363236149655 20.5678663192515,-17.0634232243426 20.9997521021308,-16.845193650774 21.3333234725749,-12.9291019352635 21.3270706242676,-13.1187544417747 22.7712202010963,-12.8742215641696 23.2848322616452,-11.9372244938533 23.3745942245362,-11.9694189111712 25.9333527694683,-8.6872936670174 25.8810562199889,-8.68439978680905 27.395744126896,-4.92333736817423 24.974574082941,-6.45378658693033 24.9565906845034,-5.97112870932425 20.6408334416476,-5.48852250815044 16.325102037008,-5.31527726889193 16.2018537459918,-5.53774430990845 15.5016897648693,-9.55023840985939 15.4864968937754,-9.70025509280271 15.2641073674074,-10.0868464827782 15.3304857446863,-10.6507913883794 15.1327458765214,-11.3490950179395 15.4112560083585,-11.6660782536179 15.3882083195563,-11.8342075260795 14.7990969914289,-12.1707502913803 14.6168342147355)))","1",Admin-0 country,"3",Mauritania,MRT,"0","2",Sovereign country,Mauritania,MRT,"0",Mauritania,MRT,"0",Mauritania,MRT,"0",Mauritania,Mauritania,MRT,Mauritania,,Mrt.,MR,Islamic Republic of Mauritania,,,,Mauritania,,"3","3","2","1","3129486",6308,"-99","2000","-99",7. Least developed region,5. Low income,"-99",,MR,MRT,"478","478",MR,MRT,"-99",MRT,MRT,"-99","-99",Africa,Africa,Western Africa,Sub-Saharan Africa,"10","10","4","-99","1",MRT.geojson
"MULTIPOLYGON (((28.9782625668572 -28.9555966122617,29.3251664568326 -29.2573869768463,29.018415154748 -29.7437655575774,28.8483996925077 -30.0700505510683,28.2910693702399 -30.2262167294543,28.1072046241454 -30.545732110315,27.7493970069565 -30.6451058896122,26.9992619158076 -29.87595387138,27.5325110206275 -29.2427108700754,28.0743384132078 -28.8514686011936,28.5417000668555 -28.6475017229376,28.9782625668572 -28.9555966122617)))","1",Admin-0 country,"6",Lesotho,LSO,"0","2",Sovereign country,Lesotho,LSO,"0",Lesotho,LSO,"0",Lesotho,LSO,"0",Lesotho,Lesotho,LSO,Lesotho,,Les.,LS,Kingdom of Lesotho,,,,Lesotho,,"1","5","2","8","2130819",3293,"-99","2006","-99",7. Least developed region,4. Lower middle income,"-99",,LS,LSO,"426","426",LS,LSO,"-99",LSO,LSO,"-99","-99",Africa,Africa,Southern Africa,Sub-Saharan Africa,"7","7","4","-99","1",LSO.geojson
"MULTIPOLYGON (((-12.1707502913803 14.6168342147355,-11.8342075260795 14.7990969914289,-11.6660782536179 15.3882083195563,-11.3490950179395 15.4112560083585,-10.6507913883794 15.1327458765214,-10.0868464827782 15.3304857446863,-9.70025509280271 15.2641073674074,-9.55023840985939 15.4864968937754,-5.53774430990845 15.5016897648693,-5.31527726889193 16.2018537459918,-5.48852250815044 16.325102037008,-5.97112870932425 20.6408334416476,-6.45378658693033 24.9565906845034,-4.92333736817423 24.974574082941,-1.55005489745761 22.7926659204974,1.82322757325903 20.610809434486,2.06099083823392 20.1422333846795,2.68358849448643 19.8562301701601,3.1466610042539 19.6935785995214,3.1581331722227 19.05736420336,4.26741946780004 19.155265204337,4.2702099951438 16.8522274846012,3.72342166506348 16.1842837590126,3.63825890464648 15.5681198185805,2.74999270998148 15.4095248478767,1.38552819174686 15.3235611027592,1.01578331869851 14.9681822778879,0.374892205414682 14.9289081893461,-0.26625729003058 14.9243089868721,-0.515854458000348 15.1161577417557,-1.06636349120566 14.9738150090078,-2.00103512206877 14.5590082870009,-2.19182451009039 14.2464175480674,-2.96769446452058 13.7981503361515,-3.10370683431276 13.5412667912286,-3.52280270019986 13.3376616479986,-4.00639075358723 13.4724854598481,-4.28040503581488 13.2284435083497,-4.4271661035238 12.5426455754043,-5.22094194174312 11.7138589543072,-5.19784257650865 11.3751457788501,-5.47056494792901 10.951269842976,-5.40434159994697 10.3707368026091,-5.81692623536529 10.2225546330122,-6.05045203289227 10.0963607853554,-6.20522294760643 10.5240607772191,-6.49396501303727 10.4113028019583,-6.66646094402755 10.4308106551484,-6.85050655763506 10.1389938419962,-7.62275916180481 10.1472362329468,-7.89958980959237 10.2973821069708,-8.02994361004862 10.2065349390017,-8.33537716310974 10.4948119165419,-8.28235714357828 10.7925973576238,-8.40731075686003 10.9092569035228,-8.62032101076713 10.8108908146552,-8.58130530438677 11.1362456323648,-8.37630489748491 11.3936459416106,-8.78609900555946 11.8125609399847,-8.90526485842453 12.0883580591264,-9.12747351727958 12.3080604110153,-9.32761633954601 12.3342862004035,-9.56791174970321 12.1942430688925,-9.89099280439201 12.060478623905,-10.1652137923488 11.8440835636827,-10.5932238428063 11.923975328006,-10.8708296370782 12.1778874780721,-11.0365559554383 12.2112446151165,-11.2975736149445 12.0779710962358,-11.4561685856483 12.0768342147253,-11.5139428369506 12.4429875757294,-11.4678991357785 12.754518947801,-11.5533977930054 13.1412136906411,-11.9277160303116 13.4220751001474,-12.1248874577213 13.9947274845898,-12.1707502913803 14.6168342147355)))","1",Admin-0 country,"3",Mali,MLI,"0","2",Sovereign country,Mali,MLI,"0",Mali,MLI,"0",Mali,MLI,"0",Mali,Mali,MLI,Mali,,Mali,ML,Republic of Mali,,,,Mali,,"1","4","1","7","12666987",14590,"-99","2009","-99",7. Least developed region,5. Low income,"-99",,ML,MLI,"466","466",ML,MLI,"-99",MLI,MLI,"-99","-99",Africa,Africa,Western Africa,Sub-Saharan Africa,"4","4","4","-99","1",MLI.geojson
"MULTIPOLYGON (((34.5599890479994 -11.5200200334159,34.280006137842 -12.2800253231325,34.5599890479994 -13.5799976538669,34.9071513201362 -13.5654248999606,35.267956170398 -13.8878341610296,35.6868453305559 -14.6110458309543,35.7719047381084 -15.8968588192407,35.3390629412316 -16.1074402808301,35.0338102556835 -16.8012997372131,34.3812919451341 -16.183559665596,34.3072912940921 -15.4786414527026,34.5176660499523 -15.0137085913726,34.4596334164885 -14.6130095353814,34.0648254737786 -14.3599500464481,33.7897001482567 -14.4518307430631,33.2140246925252 -13.9718600399362,32.6881653175231 -13.7128577612893,32.9917643572379 -12.7838705379783,33.3064221534631 -12.4357780900602,33.1142891782019 -11.6071981746923,33.3153104998173 -10.7965499813297,33.4856876970836 -10.5255587703911,33.2313879737753 -9.6767216935648,32.7593754412213 -9.23059905358906,33.7397290382305 -9.41715097416272,33.9408377240965 -9.69367384198029,34.280006137842 -10.1599996883584,34.5599890479994 -11.5200200334159)))","1",Admin-0 country,"6",Malawi,MWI,"0","2",Sovereign country,Malawi,MWI,"0",Malawi,MWI,"0",Malawi,MWI,"0",Malawi,Malawi,MWI,Malawi,,Mal.,MW,Republic of Malawi,,,,Malawi,,"1","3","4","5","14268711",11810,"-99","2008","-99",7. Least developed region,5. Low income,"-99",,MW,MWI,"454","454",MW,MWI,"-99",MWI,MWI,"-99","-99",Africa,Africa,Eastern Africa,Sub-Saharan Africa,"6","6","4","-99","1",MWI.geojson
"MULTIPOLYGON (((16.3449768408952 -28.5767050106977,15.6018180681058 -27.8212472470228,15.2104724463595 -27.090955905874,14.9897107276086 -26.1173719214952,14.7432141455763 -25.3929200171954,14.4081441585958 -23.8530140113298,14.3857165869811 -22.6566529273407,14.2577140641942 -22.1112081845,13.8686422054687 -21.69903696054,13.3524979997374 -20.8728341610575,12.8268453304645 -19.6731657854017,12.6085640804636 -19.0453488094877,11.7949186540281 -18.0691293270619,11.7341988460851 -17.3018893368245,12.2154614600194 -17.1116683895581,12.8140812516884 -16.9413428687241,13.46236209479 -16.9712118465888,14.058501417709 -17.4233806291427,14.209706658595 -17.3531006812257,18.2633093604342 -17.309950860262,18.9561869646036 -17.7890947404723,21.3771761410456 -17.9306364885197,23.2150484555061 -17.523116143466,24.0338615251708 -17.2958431942463,24.6823490740015 -17.3534107398195,25.0769503109823 -17.5788233374766,25.0844433936646 -17.6618156877374,24.5207051937925 -17.8871249325299,24.2173645362392 -17.8893470191185,23.5790055681377 -18.2812610816201,23.1968583513393 -17.8690381812278,21.655040317479 -18.2191460100052,20.9106413103145 -18.252218926672,20.8811340674759 -21.8143270809831,19.8954577979407 -21.8491569963479,19.8957678565344 -24.7677902157606,19.8947343278886 -28.4611048316608,19.0021273129111 -28.9724431291889,18.4648991228048 -29.0454619280173,17.8361519711095 -28.8563778622613,17.3874971859515 -28.7835140927298,17.2189286638154 -28.3559432919468,16.8240173682409 -28.0821615536645,16.3449768408952 -28.5767050106977)))","1",Admin-0 country,"3",Namibia,NAM,"0","2",Sovereign country,Namibia,NAM,"0",Namibia,NAM,"0",Namibia,NAM,"0",Namibia,Namibia,NAM,Namibia,,Nam.,NA,Republic of Namibia,,,,Namibia,,"4","1","1","7","2108665",13250,"-99","2001","-99",6. Developing region,3. Upper middle income,"-99",,NA,NAM,"516","516",NA,NAM,"-99",NAM,NAM,"-99","-99",Africa,Africa,Southern Africa,Sub-Saharan Africa,"7","7","4","-99","1",NAM.geojson
"MULTIPOLYGON (((8.5002877132597 4.77198293702685,7.46210818851594 4.41210826254624,7.08259646976444 4.46468903240323,6.6980721370806 4.24059418376952,5.89817264163469 4.26245331462898,5.36280480309088 4.88797068930596,5.03357425295937 5.61180247641823,4.32560713056068 6.27065114992347,3.57418012860455 6.25830048260572,2.69170169435625 6.25881724692863,2.74906253420022 7.87073436119289,2.72379275880951 8.50684540448971,2.91230838381026 9.13760793704432,3.2203515967021 9.4441525333997,3.70543826662592 10.0632103540402,3.6000700211828 10.3321861841194,3.79711225751171 10.7347455916731,3.57221642417747 11.3279393579515,3.61118045412556 11.660167141156,3.68063357912581 12.5529033472142,3.96728274904885 12.9561087101716,4.10794599774732 13.5312157251478,4.36834354006606 13.7474815942893,5.44305830244016 13.8659239771023,6.44542605960564 13.4927684595227,6.82044192874775 13.1150912541175,7.33074669763002 13.0980380314612,7.80467125817879 13.3435269230637,9.01493330245447 12.8266592472804,9.52492801274295 12.8511021997545,10.1148144873547 13.2772518986494,10.7010319352737 13.2469178328941,10.9895931331915 13.3873226994311,11.5278031755114 13.3289800073736,12.3020711605405 13.0371890324375,13.0839872575489 13.5961471623226,13.3187016130186 13.5563563094578,13.9953528174483 12.4615652531383,14.1813362972668 12.4836569279431,14.5771777686225 12.0853608260535,14.468192172919 11.9047516951934,14.4153788591167 11.5723688826921,13.5729496598946 10.7985659855536,13.3086763851539 10.1603620467489,13.1675997249971 9.64062632897341,12.955467970439 9.4177717147147,12.7536715023392 8.717762762889,12.2188721045506 8.30582408287432,12.0639461605396 7.7998084578723,11.8393087093668 7.39704234458944,11.7457743669185 6.98138296144975,11.0587878760303 6.64442678469059,10.4973751156114 7.05535777427556,10.1182768083183 7.03876963950988,9.5227059261544 6.45348236737212,9.23316287602304 6.44449066815333,8.75753299320863 5.47966583904791,8.5002877132597 4.77198293702685)))","1",Admin-0 country,"2",Nigeria,NGA,"0","2",Sovereign country,Nigeria,NGA,"0",Nigeria,NGA,"0",Nigeria,NGA,"0",Nigeria,Nigeria,NGA,Nigeria,,Nigeria,NG,Federal Republic of Nigeria,,,,Nigeria,,"3","2","5","2","149229090",335400,"-99","2006","-99",5. Emerging region: G20,4. Lower middle income,"-99",,NG,NGA,"566","566",NG,NGA,"-99",NGA,NGA,"-99","-99",Africa,Africa,Western Africa,Sub-Saharan Africa,"7","7","7","-99","1",NGA.geojson
"MULTIPOLYGON (((-8.79488399904908 27.1206963160225,-8.81782833498667 27.6564258895924,-8.66558956545481 27.6564258895924,-8.66512447756419 27.5894790715582,-8.68439978680905 27.395744126896,-8.6872936670174 25.8810562199889,-11.9694189111712 25.9333527694683,-11.9372244938533 23.3745942245362,-12.8742215641696 23.2848322616452,-13.1187544417747 22.7712202010963,-12.9291019352635 21.3270706242676,-16.845193650774 21.3333234725749,-17.0634232243426 20.9997521021308,-17.0204284326757 21.4223102889815,-17.0029617985611 21.4207341577966,-14.7509545557135 21.5006000839037,-14.6308326888511 21.8609398462749,-14.2211677718573 22.3101630721882,-13.891110398809 23.6910090194593,-12.5009626937254 24.7701162785782,-12.0307588363016 26.030866197203,-11.7182197738004 26.1040917017606,-11.392554897497 26.8834239771544,-10.5512625797853 26.9908076034569,-10.1894242008776 26.8609447291074,-9.73534339032888 26.8609447291074,-9.41303748212447 27.0884760604885,-8.79488399904908 27.1206963160225)))","1",Admin-0 country,"7",Western Sahara,SAH,"0","2",Indeterminate,Western Sahara,SAH,"0",Western Sahara,SAH,"0",Western Sahara,SAH,"1",W. Sahara,Western Sahara,B28,W. Sahara,,W. Sah.,WS,Sahrawi Arab Democratic Republic,,Self admin.,"Self admin.; Claimed by Morocco",Western Sahara,,"4","7","4","4","-99",-99,"-99","-99","-99",7. Least developed region,5. Low income,"-99",,EH,ESH,"732","732","-99","-99","-99",MAR,SAH,"-99","-99",Africa,Africa,Northern Africa,Middle East & North Africa,"9","14","7","-99","1",ESH.geojson
"MULTIPOLYGON (((30.4191048520192 -1.13465911215042,30.8161348813177 -1.69891407634539,30.7583089535831 -2.28725025798837,30.469696079233 -2.41385751710346,29.9383590024079 -2.34848683025424,29.6321761410786 -2.9178577612461,29.0249263852168 -2.83925790773016,29.1174788754516 -2.29221119548839,29.2548348324833 -2.21510995850891,29.2918868344366 -1.62005584066799,29.5794661801409 -1.34131316488563,29.821518588996 -1.44332244222979,30.4191048520192 -1.13465911215042)))","1",Admin-0 country,"3",Rwanda,RWA,"0","2",Sovereign country,Rwanda,RWA,"0",Rwanda,RWA,"0",Rwanda,RWA,"0",Rwanda,Rwanda,RWA,Rwanda,,Rwa.,RW,Republic of Rwanda,,,,Rwanda,,"5","2","3","10","10473282",9706,"-99","2002","-99",7. Least developed region,5. Low income,"-99",,RW,RWA,"646","646",RW,RWA,"-99",RWA,RWA,"-99","-99",Africa,Africa,Eastern Africa,Sub-Saharan Africa,"6","6","4","-99","1",RWA.geojson
"MULTIPOLYGON (((2.15447350424995 11.9401500513134,2.17710778159392 12.6250178084775,1.02410322429762 12.8518256698066,0.993045688490156 13.3357496200039,0.429927605805517 13.9887330184439,0.295646396495215 14.4442349308807,0.374892205414767 14.9289081893461,1.01578331869848 14.968182277888,1.38552819174697 15.3235611027592,2.74999270998154 15.4095248478768,3.63825890464659 15.5681198185804,3.7234216650636 16.1842837590127,4.27020999514389 16.8522274846013,4.2674194678001 19.1552652043371,5.67756595218071 19.6012069767998,8.57289310062987 21.5656607121592,11.9995056494717 23.4716684025964,13.5814245947905 23.0405060897693,14.1438708838552 22.4912889673711,14.8513 22.86295,15.0968876481818 21.3085187850749,15.4710766944073 21.048457139566,15.4871480648501 20.7304145370256,15.9032466976643 20.3876189234175,15.6857405941478 19.9571800806424,15.3004411149797 17.927949937405,15.2477311540418 16.6273058130508,13.9722017757817 15.6843659530211,13.5403935075508 14.3671336939012,13.9566988460941 13.9966911890169,13.9544767595056 13.3534487980638,14.5957812842476 13.3304269474779,14.4957873877629 12.8593962671374,14.2135307145847 12.8020354272933,14.1813362972669 12.4836569279432,13.9953528174483 12.4615652531383,13.3187016130186 13.556356309458,13.0839872575488 13.5961471623225,12.3020711605405 13.0371890324375,11.5278031755115 13.3289800073736,10.9895931331915 13.3873226994312,10.7010319352738 13.246917832894,10.1148144873547 13.2772518986495,9.52492801274309 12.8511021997546,9.01493330245444 12.8266592472804,7.80467125817887 13.3435269230637,7.33074669763005 13.0980380314612,6.82044192874781 13.1150912541176,6.44542605960572 13.4927684595227,5.44305830244013 13.8659239771022,4.36834354006601 13.7474815942894,4.10794599774738 13.5312157251479,3.96728274904893 12.9561087101716,3.68063357912592 12.5529033472142,3.61118045412559 11.660167141156,2.84864301922659 12.2356358911582,2.49016360841801 12.2330520695436,2.15447350424995 11.9401500513134)))","1",Admin-0 country,"3",Niger,NER,"0","2",Sovereign country,Niger,NER,"0",Niger,NER,"0",Niger,NER,"0",Niger,Niger,NER,Niger,,Niger,NE,Republic of Niger,,,,Niger,,"4","5","3","13","15306252",10040,"-99","2001","-99",7. Least developed region,5. Low income,"-99",,NE,NER,"562","562",NE,NER,"-99",NER,NER,"-99","-99",Africa,Africa,Western Africa,Sub-Saharan Africa,"5","5","5","-99","1",NER.geojson
"MULTIPOLYGON (((33.9633927949712 9.46428522942063,33.8249634809075 9.48406084571536,33.8421308530281 9.98191463721599,33.7219592481831 10.3252620796302,33.2069380845618 10.7201116384066,33.0867664797167 11.4411412674765,33.2069380845618 12.1793382686671,32.7434190373025 12.24800775715,32.6747495488196 12.0248319195807,32.0738915245948 11.9733298032185,32.3142347342848 11.6814844771665,32.4000715948883 11.0806264529415,31.8507156870255 10.5312705450788,31.3528618955249 9.81024091600869,30.8378407319034 9.70723668328452,29.9966394979886 10.2909273353887,29.6189573113328 10.0849188699402,29.5159530786086 9.79307354388806,29.0009319149872 9.60423245056029,28.9665971707458 9.39822398511165,27.9708895877444 9.39822398511165,27.8335506107788 9.60423245056029,27.1125209817089 9.63856719480162,26.7520061671738 9.4668934735945,26.4773282132425 9.55273033419809,25.962307049621 10.1364209863024,25.7906333284139 10.4110989402337,25.069603699344 10.273759963268,24.7949257454127 9.81024091600869,24.537415163602 8.91753756573172,24.1940677211877 8.7286964724039,23.8869795808607 8.61972971293307,23.8058134294668 8.66631887454253,23.459012892356 8.95428579348902,23.3947790870173 9.26506785729225,23.5572497901429 9.68121816653877,23.5543042335022 10.0892552759153,22.9775435726927 10.7144625919985,22.8641654802443 11.1423951278076,22.87622 11.38461,22.50869 11.67936,22.49762 12.26024,22.28801 12.64605,21.93681 12.58818,22.03759 12.95546,22.29658 13.37232,22.18329 13.78648,22.51202 14.09318,22.30351 14.32682,22.56795 14.94429,23.02459 15.68072,23.88689 15.61084,23.83766 19.58047,23.85 20.0,25.0 20.00304,25.0 22.0,29.02 22.0,32.9 22.0,36.86623 22.0,37.18872 21.01885,36.96941 20.83744,37.1147 19.80796,37.48179 18.61409,37.86276 18.36786,38.4100899594732 17.9983073999703,37.904 17.42754,37.16747 17.26314,36.85253 16.95655,36.75389 16.29186,36.32322 14.82249,36.42951 14.42211,36.27022 13.56333,35.86363 12.57828,35.26049 12.08286,34.83163 11.31896,34.73115 10.91017,34.25745 10.63009,33.96162 9.58358,33.9633927949712 9.46428522942063)))","1",Admin-0 country,"3",Sudan,SDN,"0","2",Sovereign country,Sudan,SDN,"0",Sudan,SDN,"0",Sudan,SDN,"0",Sudan,Sudan,SDN,Sudan,,Sudan,SD,Republic of the Sudan,,,,Sudan,,"2","6","4","1","25946220",88080,"-99","2008","-99",6. Developing region,4. Lower middle income,"-99",,SD,SDN,"729","729",SD,SDN,"-99",SDN,SDN,"-99","-99",Africa,Africa,Northern Africa,Sub-Saharan Africa,"5","5","5","-99","1",SDN.geojson
"MULTIPOLYGON (((-16.7137288070235 13.5949586043799,-17.1261067367126 14.3735157332892,-17.6250426904907 14.7295405135641,-17.1851728988222 14.9194772404529,-16.7007063460859 15.6215274113541,-16.4630981104079 16.1350361190385,-16.1206900700419 16.4556625431934,-15.6236661442587 16.3693370630498,-15.1357372705588 16.5872824162408,-14.577347581429 16.5982636581028,-14.0995214502422 16.3043022730105,-13.4357376774531 16.0393830428662,-12.8306583317475 15.3036915145429,-12.1707502913803 14.6168342147355,-12.1248874577213 13.9947274845898,-11.9277160303116 13.4220751001474,-11.5533977930054 13.1412136906411,-11.4678991357785 12.754518947801,-11.5139428369506 12.4429875757294,-11.6583009505579 12.3865827498828,-12.2035648258856 12.4656476912894,-12.2785990055734 12.3544400089973,-12.4990506657306 12.3320899520311,-13.2178181624782 12.575873521368,-13.7004760400843 12.5861829696102,-15.548476935274 12.6281700708473,-15.8165742660043 12.5155671248833,-16.1477168441306 12.5477615422012,-16.6774519515546 12.3848515894011,-16.8415246240813 13.1513939478026,-15.9312959456922 13.1302841252113,-15.691000535535 13.2703530949385,-15.5118125065629 13.2785696476729,-15.1411632959495 13.5095116235852,-14.7121972314946 13.2982066919438,-14.2777017887846 13.2805850285322,-13.8449633447724 13.505041612192,-14.0469923568175 13.7940678980004,-14.3767138330558 13.6256802433774,-14.6870308089685 13.6303569604998,-15.0817353988138 13.876491807506,-15.3987703109245 13.8603687606309,-15.6245963200399 13.6235873478696,-16.7137288070235 13.5949586043799)))","1",Admin-0 country,"3",Senegal,SEN,"0","2",Sovereign country,Senegal,SEN,"0",Senegal,SEN,"0",Senegal,SEN,"0",Senegal,Senegal,SEN,Senegal,,Sen.,SN,Republic of Senegal,,,,Senegal,,"2","6","5","5","13711597",21980,"-99","2002","-99",7. Least developed region,4. Lower middle income,"-99",,SN,SEN,"686","686",SN,SEN,"-99",SEN,SEN,"-99","-99",Africa,Africa,Western Africa,Sub-Saharan Africa,"7","7","4","-99","1",SEN.geojson
"MULTIPOLYGON (((33.9633927949712 9.46428522942063,33.97498 8.68456,33.8255 8.37916,33.2948 8.35458,32.95418 7.78497,33.56829 7.71334,34.0751 7.22595,34.25032 6.82607,34.70702 6.59422,35.2980071182331 5.506,34.6201962678539 4.84712274208204,34.005 4.24988494736215,33.39 3.79,32.68642 3.79232,31.88145 3.55827,31.24556 3.7819,30.83385 3.50917,29.95349 4.1737,29.715995314256 4.60080475506015,29.1590784034466 4.38926727947324,28.6966776872988 4.45507721599699,28.428993768027 4.28715464926461,27.979977247843 4.40841339763739,27.3742261085176 5.23394440350017,27.2134090512253 5.55095347739461,26.4659094581233 5.94671743410186,26.2134184099451 6.54660329836213,25.7966479835113 6.97931590415817,25.1241308936648 7.50008515057942,25.1149324887169 7.82510407147925,24.5673690121522 8.22918793378545,23.8869795808607 8.61972971293307,24.1940677211877 8.7286964724039,24.537415163602 8.91753756573172,24.7949257454127 9.81024091600869,25.069603699344 10.273759963268,25.7906333284139 10.4110989402337,25.962307049621 10.1364209863024,26.4773282132425 9.55273033419809,26.7520061671738 9.4668934735945,27.1125209817089 9.63856719480162,27.8335506107788 9.60423245056029,27.9708895877444 9.39822398511165,28.9665971707458 9.39822398511165,29.0009319149872 9.60423245056029,29.5159530786086 9.79307354388806,29.6189573113328 10.0849188699402,29.9966394979886 10.2909273353887,30.8378407319034 9.70723668328452,31.3528618955249 9.81024091600869,31.8507156870255 10.5312705450788,32.4000715948883 11.0806264529415,32.3142347342848 11.6814844771665,32.0738915245948 11.9733298032185,32.6747495488196 12.0248319195807,32.7434190373025 12.24800775715,33.2069380845618 12.1793382686671,33.0867664797167 11.4411412674765,33.2069380845618 10.7201116384066,33.7219592481831 10.3252620796302,33.8421308530281 9.98191463721599,33.8249634809075 9.48406084571536,33.9633927949712 9.46428522942063)))","1",Admin-0 country,"3",South Sudan,SDS,"0","2",Sovereign country,South Sudan,SDS,"0",South Sudan,SDS,"0",South Sudan,SDS,"0",S. Sudan,South Sudan,SDS,S. Sudan,,S. Sud.,SS,Republic of South Sudan,,,,South Sudan,,"1","3","3","5","10625176",13227,"-99","2008","-99",7. Least developed region,5. Low income,"-99",,SS,SSD,"728","728",SS,SSD,"-99",SSD,SDS,"-99","-99",Africa,Africa,Eastern Africa,Sub-Saharan Africa,"8","11","7","-99","1",SSD.geojson
"MULTIPOLYGON (((-11.4387794661821 6.78591685630575,-11.7081945459357 6.86009837486073,-12.4280989241938 7.26294200279203,-12.9490490381282 7.79864573814574,-13.1240254378685 8.16394643801698,-13.2465502588325 8.90304861087151,-12.7119575667731 9.34271169681077,-12.5967191227622 9.62018830000197,-12.4259285140376 9.83583405195596,-12.150338100625 9.85857168216438,-11.9172773909887 10.0469839543006,-11.1174812484073 10.0458729110063,-10.8391519840833 9.68824616133037,-10.622395188835 9.26791006106828,-10.6547704736659 8.97717845299419,-10.4943151513996 8.71554067630044,-10.5054772607747 8.3488963891896,-10.2300935530913 8.40620555260129,-10.6955948551765 7.93946401614109,-11.1467042708684 7.39670644777954,-11.1998018050483 7.10584564862474,-11.4387794661821 6.78591685630575)))","1",Admin-0 country,"4",Sierra Leone,SLE,"0","2",Sovereign country,Sierra Leone,SLE,"0",Sierra Leone,SLE,"0",Sierra Leone,SLE,"0",Sierra Leone,Sierra Leone,SLE,Sierra Leone,,S.L.,SL,Republic of Sierra Leone,,,,Sierra Leone,,"1","4","1","7","6440053",4285,"-99","2004","-99",7. Least developed region,5. Low income,"-99",,SL,SLE,"694","694",SL,SLE,"-99",SLE,SLE,"-99","-99",Africa,Africa,Western Africa,Sub-Saharan Africa,"12","12","4","-99","1",SLE.geojson
"MULTIPOLYGON (((49.72862 11.5789,50.25878 11.67957,50.73202 12.0219,51.1112 12.02464,51.13387 11.74815,51.04153 11.16651,51.04531 10.6409,50.83418 10.27972,50.55239 9.19874,50.07092 8.08173,49.4527 6.80466,48.59455 5.33911,47.74079 4.2194,46.56476 2.85529,45.56399 2.04576,44.06815 1.05283,43.13597 0.2922,42.04157 -0.91916,41.81095 -1.44647,41.58513 -1.68325,40.993 -0.85829,40.98105 2.78452,41.855083092644 3.91891192048373,42.12861 4.23413,42.76967 4.25259,43.66087 4.95755,44.9636 5.00162,47.78942 8.003,48.486735874227 8.83762624758999,48.9381295102964 9.45174896894662,48.938232863161 9.97350006758151,48.9384912453225 10.9823273787835,48.9420052427184 11.3942660587981,48.9482047585097 11.410617281698,49.26776 11.43033,49.72862 11.5789)))","1",Admin-0 country,"6",Somalia,SOM,"0","2",Sovereign country,Somalia,SOM,"0",Somalia,SOM,"0",Somalia,SOM,"0",Somalia,Somalia,SOM,Somalia,,Som.,SO,Federal Republic of Somalia,,,,Somalia,,"2","8","6","7","9832017",5524,"-99","1987","-99",7. Least developed region,5. Low income,"-99",,SO,SOM,"706","706",SO,SOM,"-99",SOM,SOM,"-99","-99",Africa,Africa,Eastern Africa,Sub-Saharan Africa,"7","7","4","-99","1",SOM.geojson
"MULTIPOLYGON (((48.9381295102965 9.45174896894667,48.486735874227 8.83762624758998,47.78942 8.003,46.948328484898 7.99687653241739,43.67875 9.18358,43.2969751320188 9.54047740319174,42.92812 10.02194,42.55876 10.57258,42.776851841001 10.9268785669344,43.1453048032421 11.4620396997489,43.4706596209517 11.2777098657639,43.6666683286348 10.8641692163482,44.1178035825428 10.4455384383516,44.6142590675709 10.4422053084689,45.5569405454391 10.6980294865298,46.645401238803 10.8165493839912,47.5256575864628 11.12722809493,48.0215963071678 11.1930638696697,48.3787838071693 11.3754816756601,48.9482064145935 11.4106216496185,48.9420052427184 11.3942660587982,48.9384912453226 10.9823273787835,48.9382328631611 9.97350006758148,48.9381295102965 9.45174896894667)))","1",Admin-0 country,"5",Somaliland,SOL,"0","2",Indeterminate,Somaliland,SOL,"0",Somaliland,SOL,"0",Somaliland,SOL,"1",Somaliland,Somaliland,B30,Somaliland,,Solnd.,SL,Republic of Somaliland,,Self admin.,"Self admin.; Claimed by Somalia",Somaliland,,"3","6","5","2","3500000",12250,"-99","-99","-99",6. Developing region,4. Lower middle income,"-99",,"-99","-99","-99","-099","-99","-99","-99",SOM,SOM,"-99","-99",Africa,Africa,Eastern Africa,Sub-Saharan Africa,"10","10","6","-99","1",somaliland.geojson
"MULTIPOLYGON (((32.0716654802811 -26.7338200823049,31.8680603370511 -27.1779273414213,31.2827730649133 -27.285879408479,30.6859619483745 -26.7438453101695,30.6766085141296 -26.3980783017046,30.9496667823599 -26.0226490211041,31.0440796241571 -25.7314523251394,31.3331575863979 -25.660190525009,31.8377779477281 -25.8433318010513,31.985779249812 -26.2917798804802,32.0716654802811 -26.7338200823049)))","1",Admin-0 country,"4",Swaziland,SWZ,"0","2",Sovereign country,Swaziland,SWZ,"0",Swaziland,SWZ,"0",Swaziland,SWZ,"0",Swaziland,Swaziland,SWZ,Swaziland,,Swz.,SW,Kingdom of Swaziland,,,,Swaziland,,"3","6","2","5","1123913",5702,"-99","2007","-99",6. Developing region,4. Lower middle income,"-99",,SZ,SWZ,"748","748",SZ,SWZ,"-99",SWZ,SWZ,"-99","-99",Africa,Africa,Southern Africa,Sub-Saharan Africa,"9","9","4","-99","1",SWZ.geojson
"MULTIPOLYGON (((14.4957873877629 12.8593962671374,14.5957812842476 13.3304269474779,13.9544767595056 13.3534487980638,13.9566988460941 13.9966911890169,13.5403935075508 14.3671336939012,13.97217 15.68437,15.2477311540418 16.6273058130508,15.3004411149797 17.927949937405,15.6857405941478 19.9571800806424,15.9032466976643 20.3876189234175,15.4871480648501 20.7304145370256,15.47106 21.04845,15.0968876481818 21.3085187850749,14.8513 22.86295,15.86085 23.40972,19.84926 21.49509,23.83766 19.58047,23.88689 15.61084,23.02459 15.68072,22.56795 14.94429,22.30351 14.32682,22.51202 14.09318,22.18329 13.78648,22.29658 13.37232,22.03759 12.95546,21.93681 12.58818,22.28801 12.64605,22.49762 12.26024,22.50869 11.67936,22.87622 11.38461,22.8641654802443 11.1423951278076,22.2311291846688 10.9718887394606,21.7238216488595 10.567055568886,21.0008683610963 9.47598521569148,20.0596854997643 9.01270600019484,19.0940080095261 9.07484691002577,18.8120097185093 8.98291453697863,18.9110217627806 8.63089468020644,18.3895548845233 8.28130361575188,17.9649296403809 7.89091400800299,16.7059883968864 7.50832754152998,16.4561845231874 7.73477366783294,16.2905615576919 7.75430735923942,16.1062317237067 7.49708791750646,15.2794604834692 7.42192454673801,15.4360917497457 7.69281240481189,15.1208655127653 8.38215017336944,14.9799955583377 8.79610423424344,14.5444665869819 8.96586131432224,13.9542183773441 9.54949494062669,14.1714660986991 10.0213782821,14.6272005550811 9.92091929772459,14.9093538753948 9.99212942142276,15.4678727556052 9.98233673750354,14.923564894275 10.8913251815175,14.9601518083377 11.5555740421972,14.89336 12.21905,14.4957873877629 12.8593962671374)))","1",Admin-0 country,"3",Chad,TCD,"0","2",Sovereign country,Chad,TCD,"0",Chad,TCD,"0",Chad,TCD,"0",Chad,Chad,TCD,Chad,,Chad,TD,Republic of Chad,,,,Chad,,"6","1","8","6","10329208",15860,"-99","2009","-99",7. Least developed region,5. Low income,"-99",,TD,TCD,"148","148",TD,TCD,"-99",TCD,TCD,"-99","-99",Africa,Africa,Middle Africa,Sub-Saharan Africa,"4","4","4","-99","1",TCD.geojson
"MULTIPOLYGON (((1.86524051271232 6.14215770102973,1.06012169760493 5.92883738852888,0.836931186536333 6.27997874595215,0.570384148774849 6.91435862876719,0.490957472342245 7.41174428957648,0.712029249686878 8.31246450442383,0.461191847342121 8.67722260175601,0.365900506195885 9.46500397382948,0.367579990245389 10.1912128768272,-0.049784715159944 10.7069178328839,0.023802524423701 11.0186817489008,0.899563022474069 10.9973393823643,0.772335646171484 10.4708082137424,1.07779503744874 10.175606594275,1.42506066245014 9.825395412633,1.46304284018467 9.33462433515709,1.66447757325838 9.12859039960938,1.61895063640924 6.83203807212624,1.86524051271232 6.14215770102973)))","1",Admin-0 country,"6",Togo,TGO,"0","2",Sovereign country,Togo,TGO,"0",Togo,TGO,"0",Togo,TGO,"0",Togo,Togo,TGO,Togo,,Togo,TG,Togolese Republic,R茅publique Togolaise,,,Togo,,"3","1","3","5","6019877",5118,"-99","2010","-99",7. Least developed region,5. Low income,"-99",,TG,TGO,"768","768",TG,TGO,"-99",TGO,TGO,"-99","-99",Africa,Africa,Western Africa,Sub-Saharan Africa,"4","4","4","-99","1",TGO.geojson
"MULTIPOLYGON (((9.48213992680527 30.3075560572462,9.05560265466815 32.1026919622013,8.43910281742612 32.5062848984008,8.43047285323337 32.748337307256,7.61264163578218 33.344114895149,7.52448164229224 34.0973764104515,8.1409814795343 34.6551459823938,8.37636762862377 35.4798760035559,8.21782433435231 36.4331769882603,8.42096438969168 36.9464273137832,9.50999352381061 37.3499944117665,10.2100024756363 37.2300017359848,10.1806502620945 36.7240377874151,11.0288672217333 37.092103176414,11.1000256689993 36.8999960393689,10.6000045101431 36.4100001083774,10.5932865739451 35.9474443629328,10.9395186703007 35.6989840764735,10.807847120821 34.8335071884492,10.1495927262871 34.3307730168977,10.3396586442566 33.7857416855153,10.8568363786337 33.7687401392913,11.1085006038951 33.2933428004222,11.488787469131 33.1369957545231,11.4322534522037 32.3689031031529,10.9447896663945 32.0818146835554,10.6369014827995 31.7614208033458,9.95022505050508 31.3760696477453,10.0565751481618 30.9618313664936,9.97001712407285 30.5393248560752,9.48213992680527 30.3075560572462)))","1",Admin-0 country,"3",Tunisia,TUN,"0","2",Sovereign country,Tunisia,TUN,"0",Tunisia,TUN,"0",Tunisia,TUN,"0",Tunisia,Tunisia,TUN,Tunisia,,Tun.,TN,Republic of Tunisia,,,,Tunisia,,"4","3","3","2","10486339",81710,"-99","2004","-99",6. Developing region,3. Upper middle income,"-99",,TN,TUN,"788","788",TN,TUN,"-99",TUN,TUN,"-99","-99",Africa,Africa,Northern Africa,Middle East & North Africa,"7","7","4","-99","1",TUN.geojson
"MULTIPOLYGON (((33.9037111971046 -0.95,34.07262 -1.05982,37.69869 -3.09699,37.7669 -3.67712,39.20222 -4.67677,38.74054 -5.90895,38.79977 -6.47566,39.44 -6.84,39.47 -7.1,39.19469 -7.7039,39.25203 -8.00781,39.18652 -8.48551,39.53574 -9.11237,39.9496 -10.0984,40.31659 -10.3171,39.521 -10.89688,38.4275565935878 -11.2852023250816,37.82764 -11.26879,37.47129 -11.56876,36.7751509946229 -11.5945374487808,36.5140816586844 -11.7209380021667,35.3123979021692 -11.4391464168792,34.5599890479995 -11.5200200334158,34.28 -10.16,33.9408377240965 -9.69367384198029,33.73972 -9.41715,32.7593754412214 -9.230599053589,32.1918648617919 -8.93035898197326,31.5563480974666 -8.76204884199865,31.1577513369501 -8.59457874731731,30.74 -8.34,30.2 -7.08,29.62 -6.52,29.4199927100883 -5.9399988745393,29.5199866065731 -5.41997893638626,29.3399975929004 -4.49998341229411,29.7535124040999 -4.4523894181533,30.11632 -4.09012,30.50554 -3.56858,30.75224 -3.35931,30.74301 -3.03431,30.52766 -2.80762,30.46967 -2.41383,30.7583089535831 -2.28725025798838,30.8161348813179 -1.69891407634537,30.4191048520193 -1.13465911215042,30.76986 -1.01455,31.86617 -1.02736,33.9037111971046 -0.95)))","1",Admin-0 country,"3",United Republic of Tanzania,TZA,"0","2",Sovereign country,United Republic of Tanzania,TZA,"0",Tanzania,TZA,"0",Tanzania,TZA,"0",Tanzania,Tanzania,TZA,Tanzania,,Tanz.,TZ,United Republic of Tanzania,,,,Tanzania,,"3","6","2","2","41048532",54250,"-99","2002","-99",7. Least developed region,5. Low income,"-99",,TZ,TZA,"834","834",TZ,TZA,"-99",TZA,TZA,"-99","-99",Africa,Africa,Eastern Africa,Sub-Saharan Africa,"8","8","5","-99","1",TZA.geojson
"MULTIPOLYGON (((31.86617 -1.02736,30.76986 -1.01455,30.4191048520193 -1.13465911215042,29.8215185889961 -1.44332244222977,29.579466180141 -1.3413131648856,29.5878377621722 -0.587405694179381,29.8195 -0.2053,29.8757788429024 0.597379868976361,30.0861535987628 1.06231273030642,30.4685075212903 1.58380544677971,30.8526701189481 1.84939647054375,31.174149204236 2.20446523682131,30.77332 2.33989,30.83385 3.50917,31.24556 3.7819,31.88145 3.55827,32.68642 3.79232,33.39 3.79,34.005 4.24988494736215,34.47913 3.5556,34.59607 3.05374,35.03599 1.90584,34.6721 1.17694,34.18 0.515,33.893568969667 0.109813537861839,33.9037111971046 -0.95,31.86617 -1.02736)))","1",Admin-0 country,"3",Uganda,UGA,"0","2",Sovereign country,Uganda,UGA,"0",Uganda,UGA,"0",Uganda,UGA,"0",Uganda,Uganda,UGA,Uganda,,Uga.,UG,Republic of Uganda,,,,Uganda,,"6","3","6","4","32369558",39380,"-99","2002","-99",7. Least developed region,5. Low income,"-99",,UG,UGA,"800","800",UG,UGA,"-99",UGA,UGA,"-99","-99",Africa,Africa,Eastern Africa,Sub-Saharan Africa,"6","6","4","-99","1",UGA.geojson
"MULTIPOLYGON (((31.5210014177789 -29.2573869768463,31.325561150851 -29.4019776343989,30.9017627296253 -29.909956963828,30.6228133481138 -30.4237757301061,30.0557161801428 -31.140269463833,28.9255526059195 -32.1720411109725,28.2197558936771 -32.7719528134489,27.464608188596 -33.2269637997788,26.4194523454928 -33.6149504534262,25.9096643409335 -33.6670402971764,25.7806282895007 -33.9446460914483,25.172861769316 -33.7968514950936,24.6778532243921 -33.9871757952246,23.5940434099346 -33.7944743792082,22.9881889177447 -33.916430759417,22.5741573422222 -33.8640825335053,21.542799106541 -34.2588387997829,20.689052768647 -34.4171753883252,20.0712610205976 -34.795136814108,19.6164050635646 -34.8191663551237,19.1932784359587 -34.4625989723098,18.8553145687699 -34.4443055152785,18.4246431820494 -33.997872816709,18.3774109229346 -34.1365206845481,18.2444991390799 -33.867751560198,18.2500801937674 -33.2814307594144,17.9251904639484 -32.6112907854534,18.2479097836112 -32.4291313616246,18.2217615088715 -31.6616329892257,17.5669177588689 -30.7257211239875,17.0644161312627 -29.8786410458592,17.0629175147262 -29.87595387138,16.3449768408952 -28.5767050106977,16.8240173682409 -28.0821615536645,17.2189286638154 -28.3559432919468,17.3874971859515 -28.7835140927298,17.8361519711095 -28.8563778622613,18.4648991228048 -29.0454619280173,19.0021273129111 -28.9724431291889,19.8947343278886 -28.4611048316608,19.8957678565344 -24.7677902157606,20.1657255388272 -24.9179619280008,20.7586092465118 -25.8681364885514,20.6664701677354 -26.4774533017049,20.8896090023717 -26.8285429826959,21.6058960303694 -26.7265337053518,22.1059688656579 -26.2802560360791,22.5795316911806 -25.9794475237081,22.8242712745149 -25.5004586727948,23.3120967953502 -25.2686898739657,23.7335697771227 -25.3901294898516,24.2112667172288 -25.6702157528736,25.0251705258258 -25.7196700985769,25.6646663754377 -25.4868160946697,25.7658488298652 -25.1748454729237,25.9416520525222 -24.6963733863332,26.4857532081233 -24.6163265927131,26.7864066911974 -24.2406906063835,27.1194096208862 -23.5743230119798,28.0172359555253 -22.8277535946591,29.432188348109 -22.0913127580676,29.839036899543 -22.1022164852812,30.3228833350918 -22.2716118303339,30.6598653500671 -22.1515674781199,31.1914091326213 -22.2515096981724,31.6703979835347 -23.6589690080739,31.9305888201242 -24.3694165992225,31.7524084815819 -25.4842839494874,31.8377779477281 -25.8433318010513,31.3331575863979 -25.660190525009,31.0440796241571 -25.7314523251394,30.9496667823599 -26.0226490211041,30.6766085141296 -26.3980783017046,30.6859619483745 -26.7438453101695,31.2827730649133 -27.285879408479,31.8680603370511 -27.1779273414213,32.0716654802811 -26.7338200823049,32.8301204770289 -26.7421916643362,32.5802649268977 -27.4701575660318,32.4621326026785 -28.3010112444206,32.203388706193 -28.7524048804901,31.5210014177789 -29.2573869768463),(28.9782625668572 -28.9555966122617,28.5417000668555 -28.6475017229376,28.0743384132078 -28.8514686011936,27.5325110206275 -29.2427108700754,26.9992619158076 -29.87595387138,27.7493970069565 -30.6451058896122,28.1072046241454 -30.545732110315,28.2910693702399 -30.2262167294543,28.8483996925077 -30.0700505510683,29.018415154748 -29.7437655575774,29.3251664568326 -29.2573869768463,28.9782625668572 -28.9555966122617)))","1",Admin-0 country,"2",South Africa,ZAF,"0","2",Sovereign country,South Africa,ZAF,"0",South Africa,ZAF,"0",South Africa,ZAF,"0",South Africa,South Africa,ZAF,South Africa,,S.Af.,ZA,Republic of South Africa,,,,South Africa,,"2","3","4","2","49052489",491000,"-99","2001","-99",5. Emerging region: G20,3. Upper middle income,"-99",,ZA,ZAF,"710","710",ZA,ZAF,"-99",ZAF,ZAF,"-99","-99",Africa,Africa,Southern Africa,Sub-Saharan Africa,"12","12","5","-99","1",ZAF.geojson
"MULTIPOLYGON (((32.7593754412213 -9.23059905358906,33.2313879737753 -9.6767216935648,33.4856876970836 -10.5255587703911,33.3153104998173 -10.7965499813297,33.1142891782019 -11.6071981746923,33.3064221534631 -12.4357780900602,32.9917643572379 -12.7838705379783,32.6881653175231 -13.7128577612893,33.2140246925252 -13.9718600399362,30.1794812354818 -14.7960991349915,30.2742558123051 -15.5077869605152,29.5168343442031 -15.6446778296564,28.9474634132113 -16.0430514461944,28.8258687680285 -16.3897486304406,28.4679061215427 -16.4684001603888,27.5982434425028 -17.290830580314,27.0444271176307 -17.9380262183374,26.7067733090356 -17.9612289364365,26.3819352556489 -17.8460421688579,25.264225701608 -17.7365398088314,25.0844433936646 -17.6618156877374,25.0769503109823 -17.5788233374766,24.6823490740015 -17.3534107398195,24.0338615251708 -17.2958431942463,23.2150484555061 -17.523116143466,22.5624784685243 -16.8984514299218,21.8878426449539 -16.0803101538769,21.9338863461259 -12.8984371883694,24.0161365088947 -12.9110462378486,23.9309220720454 -12.5658476701389,24.0799052263428 -12.1912968888874,23.9041536801182 -11.7222815894063,24.0178935075926 -11.2372982723471,23.9122152035557 -10.9268262671375,24.257155389104 -10.9519926896637,24.314516228948 -11.2628264298993,24.783169793403 -11.238693536019,25.4181181169732 -11.33093596766,25.7523096046047 -11.7849651017764,26.5530875993996 -11.9244397925321,27.1644197934125 -11.6087484676611,27.3887988624238 -12.1327474911007,28.15510867688 -12.2724805640179,28.523561639121 -12.6986044246967,28.9342859229768 -13.2489584286051,29.6996138852195 -13.2572266577718,29.6160014177712 -12.1788945451373,29.3415478858691 -12.3607439103724,28.6424174333924 -11.9715686987823,28.3722530453704 -11.7936467424014,28.4960697771418 -10.789883721564,28.6736816749289 -9.60592498132493,28.4498710466728 -9.16491830814608,28.7348665707625 -8.52655934004458,29.0029122250605 -8.40703175215347,30.3460860531908 -8.23825652428822,30.7400154965518 -8.34000741947091,31.15775133695 -8.59457874731737,31.5563480974665 -8.76204884199864,32.191864861792 -8.93035898197328,32.7593754412213 -9.23059905358906)))","1",Admin-0 country,"3",Zambia,ZMB,"0","2",Sovereign country,Zambia,ZMB,"0",Zambia,ZMB,"0",Zambia,ZMB,"0",Zambia,Zambia,ZMB,Zambia,,Zambia,ZM,Republic of Zambia,,,,Zambia,,"5","8","5","13","11862740",17500,"-99","2010","-99",7. Least developed region,4. Lower middle income,"-99",,ZM,ZMB,"894","894",ZM,ZMB,"-99",ZMB,ZMB,"-99","-99",Africa,Africa,Eastern Africa,Sub-Saharan Africa,"6","6","6","-99","1",ZMB.geojson
"MULTIPOLYGON (((31.1914091326213 -22.2515096981724,30.6598653500671 -22.1515674781199,30.3228833350918 -22.2716118303339,29.839036899543 -22.1022164852812,29.432188348109 -22.0913127580676,28.7946562029242 -21.6394540341075,28.0213700701086 -21.4859750302006,27.7272278175033 -20.8518018531147,27.7247473487533 -20.4990585262904,27.2965047543505 -20.391519870691,26.1647908871585 -19.2930856258949,25.8503914730947 -18.7144129370905,25.6491634457502 -18.536025892819,25.264225701608 -17.7365398088314,26.3819352556489 -17.8460421688579,26.7067733090356 -17.9612289364365,27.0444271176307 -17.9380262183374,27.5982434425028 -17.290830580314,28.4679061215427 -16.4684001603888,28.8258687680285 -16.3897486304406,28.9474634132113 -16.0430514461944,29.5168343442031 -15.6446778296564,30.2742558123051 -15.5077869605152,30.3389547055345 -15.8808391252302,31.1730639991577 -15.8609436987979,31.6364982439512 -16.0719902482779,31.8520406430406 -16.3194170060914,32.3282389666102 -16.3920740698938,32.8476387875758 -16.7133981258846,32.8498608741644 -17.9790573055772,32.6548856951271 -18.6720899390435,32.6119942563249 -19.4193828264163,32.7727079607526 -19.7155921363133,32.6597432797626 -20.3042900529823,32.5086930681734 -20.3952922502483,32.244988234188 -21.1164885393137,31.1914091326213 -22.2515096981724)))","1",Admin-0 country,"3",Zimbabwe,ZWE,"0","2",Sovereign country,Zimbabwe,ZWE,"0",Zimbabwe,ZWE,"0",Zimbabwe,ZWE,"0",Zimbabwe,Zimbabwe,ZWE,Zimbabwe,,Zimb.,ZW,Republic of Zimbabwe,,,,Zimbabwe,,"1","5","3","9","12619600",9323,"0","2002","0",5. Emerging region: G20,5. Low income,"-99",,ZW,ZWE,"716","716",ZW,ZWE,"-99",ZWE,ZWE,"-99","-99",Africa,Africa,Eastern Africa,Sub-Saharan Africa,"8","8","5","-99","1",ZWE.geojson
